kind,channel,label,raw,freq,bin,psd_obs,p_mc,p_global
target,BB,p=137,137,0.00729927007299,111,1.33609637494,0.17,
target,BB,p=139,139,0.00719424460432,110,3.57970669833,0.0033333333333333335,
scan_peak,BB,p=139.28,,0.00717978173464,109,3.89793189799,,0.006666666666666667
scan,BB,p=138.4,138.4,0.00722543352601,110,3.57970669833,,
scan,BB,p=138.402,138.402,0.00722532911374,110,3.57970669833,,
scan,BB,p=138.404,138.404,0.00722522470449,110,3.57970669833,,
scan,BB,p=138.406,138.406,0.00722512029825,110,3.57970669833,,
scan,BB,p=138.408,138.408,0.00722501589503,110,3.57970669833,,
scan,BB,p=138.41,138.41,0.00722491149483,110,3.57970669833,,
scan,BB,p=138.412,138.412,0.00722480709765,110,3.57970669833,,
scan,BB,p=138.414,138.414,0.00722470270348,110,3.57970669833,,
scan,BB,p=138.416,138.416,0.00722459831233,110,3.57970669833,,
scan,BB,p=138.418,138.418,0.0072244939242,110,3.57970669833,,
scan,BB,p=138.42,138.42,0.00722438953908,110,3.57970669833,,
scan,BB,p=138.422,138.422,0.00722428515698,110,3.57970669833,,
scan,BB,p=138.424,138.424,0.0072241807779,110,3.57970669833,,
scan,BB,p=138.426,138.426,0.00722407640183,110,3.57970669833,,
scan,BB,p=138.428,138.428,0.00722397202878,110,3.57970669833,,
scan,BB,p=138.43,138.43,0.00722386765874,110,3.57970669833,,
scan,BB,p=138.432,138.432,0.00722376329172,110,3.57970669833,,
scan,BB,p=138.434,138.434,0.00722365892772,110,3.57970669833,,
scan,BB,p=138.436,138.436,0.00722355456673,110,3.57970669833,,
scan,BB,p=138.438,138.438,0.00722345020876,110,3.57970669833,,
scan,BB,p=138.44,138.44,0.0072233458538,110,3.57970669833,,
scan,BB,p=138.442,138.442,0.00722324150186,110,3.57970669833,,
scan,BB,p=138.444,138.444,0.00722313715293,110,3.57970669833,,
scan,BB,p=138.446,138.446,0.00722303280702,110,3.57970669833,,
scan,BB,p=138.448,138.448,0.00722292846412,110,3.57970669833,,
scan,BB,p=138.45,138.45,0.00722282412423,110,3.57970669833,,
scan,BB,p=138.452,138.452,0.00722271978736,110,3.57970669833,,
scan,BB,p=138.454,138.454,0.00722261545351,110,3.57970669833,,
scan,BB,p=138.456,138.456,0.00722251112267,110,3.57970669833,,
scan,BB,p=138.458,138.458,0.00722240679484,110,3.57970669833,,
scan,BB,p=138.46,138.46,0.00722230247003,110,3.57970669833,,
scan,BB,p=138.462,138.462,0.00722219814823,110,3.57970669833,,
scan,BB,p=138.464,138.464,0.00722209382944,110,3.57970669833,,
scan,BB,p=138.466,138.466,0.00722198951367,110,3.57970669833,,
scan,BB,p=138.468,138.468,0.00722188520091,110,3.57970669833,,
scan,BB,p=138.47,138.47,0.00722178089117,110,3.57970669833,,
scan,BB,p=138.472,138.472,0.00722167658444,110,3.57970669833,,
scan,BB,p=138.474,138.474,0.00722157228072,110,3.57970669833,,
scan,BB,p=138.476,138.476,0.00722146798001,110,3.57970669833,,
scan,BB,p=138.478,138.478,0.00722136368232,110,3.57970669833,,
scan,BB,p=138.48,138.48,0.00722125938764,110,3.57970669833,,
scan,BB,p=138.482,138.482,0.00722115509597,110,3.57970669833,,
scan,BB,p=138.484,138.484,0.00722105080731,110,3.57970669833,,
scan,BB,p=138.486,138.486,0.00722094652167,110,3.57970669833,,
scan,BB,p=138.488,138.488,0.00722084223904,110,3.57970669833,,
scan,BB,p=138.49,138.49,0.00722073795942,110,3.57970669833,,
scan,BB,p=138.492,138.492,0.00722063368281,110,3.57970669833,,
scan,BB,p=138.494,138.494,0.00722052940922,110,3.57970669833,,
scan,BB,p=138.496,138.496,0.00722042513863,110,3.57970669833,,
scan,BB,p=138.498,138.498,0.00722032087106,110,3.57970669833,,
scan,BB,p=138.5,138.5,0.0072202166065,110,3.57970669833,,
scan,BB,p=138.502,138.502,0.00722011234495,110,3.57970669833,,
scan,BB,p=138.504,138.504,0.00722000808641,110,3.57970669833,,
scan,BB,p=138.506,138.506,0.00721990383088,110,3.57970669833,,
scan,BB,p=138.508,138.508,0.00721979957836,110,3.57970669833,,
scan,BB,p=138.51,138.51,0.00721969532886,110,3.57970669833,,
scan,BB,p=138.512,138.512,0.00721959108236,110,3.57970669833,,
scan,BB,p=138.514,138.514,0.00721948683888,110,3.57970669833,,
scan,BB,p=138.516,138.516,0.0072193825984,110,3.57970669833,,
scan,BB,p=138.518,138.518,0.00721927836094,110,3.57970669833,,
scan,BB,p=138.52,138.52,0.00721917412648,110,3.57970669833,,
scan,BB,p=138.522,138.522,0.00721906989503,110,3.57970669833,,
scan,BB,p=138.524,138.524,0.0072189656666,110,3.57970669833,,
scan,BB,p=138.526,138.526,0.00721886144117,110,3.57970669833,,
scan,BB,p=138.528,138.528,0.00721875721876,110,3.57970669833,,
scan,BB,p=138.53,138.53,0.00721865299935,110,3.57970669833,,
scan,BB,p=138.532,138.532,0.00721854878295,110,3.57970669833,,
scan,BB,p=138.534,138.534,0.00721844456956,110,3.57970669833,,
scan,BB,p=138.536,138.536,0.00721834035918,110,3.57970669833,,
scan,BB,p=138.538,138.538,0.00721823615181,110,3.57970669833,,
scan,BB,p=138.54,138.54,0.00721813194745,110,3.57970669833,,
scan,BB,p=138.542,138.542,0.0072180277461,110,3.57970669833,,
scan,BB,p=138.544,138.544,0.00721792354775,110,3.57970669833,,
scan,BB,p=138.546,138.546,0.00721781935242,110,3.57970669833,,
scan,BB,p=138.548,138.548,0.00721771516009,110,3.57970669833,,
scan,BB,p=138.55,138.55,0.00721761097077,110,3.57970669833,,
scan,BB,p=138.552,138.552,0.00721750678446,110,3.57970669833,,
scan,BB,p=138.554,138.554,0.00721740260115,110,3.57970669833,,
scan,BB,p=138.556,138.556,0.00721729842086,110,3.57970669833,,
scan,BB,p=138.558,138.558,0.00721719424357,110,3.57970669833,,
scan,BB,p=138.56,138.56,0.00721709006928,110,3.57970669833,,
scan,BB,p=138.562,138.562,0.00721698589801,110,3.57970669833,,
scan,BB,p=138.564,138.564,0.00721688172974,110,3.57970669833,,
scan,BB,p=138.566,138.566,0.00721677756448,110,3.57970669833,,
scan,BB,p=138.568,138.568,0.00721667340223,110,3.57970669833,,
scan,BB,p=138.57,138.57,0.00721656924298,110,3.57970669833,,
scan,BB,p=138.572,138.572,0.00721646508674,110,3.57970669833,,
scan,BB,p=138.574,138.574,0.00721636093351,110,3.57970669833,,
scan,BB,p=138.576,138.576,0.00721625678328,110,3.57970669833,,
scan,BB,p=138.578,138.578,0.00721615263606,110,3.57970669833,,
scan,BB,p=138.58,138.58,0.00721604849185,110,3.57970669833,,
scan,BB,p=138.582,138.582,0.00721594435064,110,3.57970669833,,
scan,BB,p=138.584,138.584,0.00721584021243,110,3.57970669833,,
scan,BB,p=138.586,138.586,0.00721573607724,110,3.57970669833,,
scan,BB,p=138.588,138.588,0.00721563194505,110,3.57970669833,,
scan,BB,p=138.59,138.59,0.00721552781586,110,3.57970669833,,
scan,BB,p=138.592,138.592,0.00721542368968,110,3.57970669833,,
scan,BB,p=138.594,138.594,0.0072153195665,110,3.57970669833,,
scan,BB,p=138.596,138.596,0.00721521544633,110,3.57970669833,,
scan,BB,p=138.598,138.598,0.00721511132917,110,3.57970669833,,
scan,BB,p=138.6,138.6,0.00721500721501,110,3.57970669833,,
scan,BB,p=138.602,138.602,0.00721490310385,110,3.57970669833,,
scan,BB,p=138.604,138.604,0.0072147989957,110,3.57970669833,,
scan,BB,p=138.606,138.606,0.00721469489055,110,3.57970669833,,
scan,BB,p=138.608,138.608,0.00721459078841,110,3.57970669833,,
scan,BB,p=138.61,138.61,0.00721448668927,110,3.57970669833,,
scan,BB,p=138.612,138.612,0.00721438259314,110,3.57970669833,,
scan,BB,p=138.614,138.614,0.00721427850001,110,3.57970669833,,
scan,BB,p=138.616,138.616,0.00721417440988,110,3.57970669833,,
scan,BB,p=138.618,138.618,0.00721407032276,110,3.57970669833,,
scan,BB,p=138.62,138.62,0.00721396623864,110,3.57970669833,,
scan,BB,p=138.622,138.622,0.00721386215752,110,3.57970669833,,
scan,BB,p=138.624,138.624,0.00721375807941,110,3.57970669833,,
scan,BB,p=138.626,138.626,0.0072136540043,110,3.57970669833,,
scan,BB,p=138.628,138.628,0.00721354993219,110,3.57970669833,,
scan,BB,p=138.63,138.63,0.00721344586309,110,3.57970669833,,
scan,BB,p=138.632,138.632,0.00721334179699,110,3.57970669833,,
scan,BB,p=138.634,138.634,0.00721323773389,110,3.57970669833,,
scan,BB,p=138.636,138.636,0.00721313367379,110,3.57970669833,,
scan,BB,p=138.638,138.638,0.0072130296167,110,3.57970669833,,
scan,BB,p=138.64,138.64,0.00721292556261,110,3.57970669833,,
scan,BB,p=138.642,138.642,0.00721282151152,110,3.57970669833,,
scan,BB,p=138.644,138.644,0.00721271746343,110,3.57970669833,,
scan,BB,p=138.646,138.646,0.00721261341835,110,3.57970669833,,
scan,BB,p=138.648,138.648,0.00721250937626,110,3.57970669833,,
scan,BB,p=138.65,138.65,0.00721240533718,110,3.57970669833,,
scan,BB,p=138.652,138.652,0.0072123013011,110,3.57970669833,,
scan,BB,p=138.654,138.654,0.00721219726802,110,3.57970669833,,
scan,BB,p=138.656,138.656,0.00721209323794,110,3.57970669833,,
scan,BB,p=138.658,138.658,0.00721198921086,110,3.57970669833,,
scan,BB,p=138.66,138.66,0.00721188518679,110,3.57970669833,,
scan,BB,p=138.662,138.662,0.00721178116571,110,3.57970669833,,
scan,BB,p=138.664,138.664,0.00721167714764,110,3.57970669833,,
scan,BB,p=138.666,138.666,0.00721157313256,110,3.57970669833,,
scan,BB,p=138.668,138.668,0.00721146912049,110,3.57970669833,,
scan,BB,p=138.67,138.67,0.00721136511142,110,3.57970669833,,
scan,BB,p=138.672,138.672,0.00721126110534,110,3.57970669833,,
scan,BB,p=138.674,138.674,0.00721115710227,110,3.57970669833,,
scan,BB,p=138.676,138.676,0.0072110531022,110,3.57970669833,,
scan,BB,p=138.678,138.678,0.00721094910512,110,3.57970669833,,
scan,BB,p=138.68,138.68,0.00721084511105,110,3.57970669833,,
scan,BB,p=138.682,138.682,0.00721074111997,110,3.57970669833,,
scan,BB,p=138.684,138.684,0.0072106371319,110,3.57970669833,,
scan,BB,p=138.686,138.686,0.00721053314682,110,3.57970669833,,
scan,BB,p=138.688,138.688,0.00721042916474,110,3.57970669833,,
scan,BB,p=138.69,138.69,0.00721032518567,110,3.57970669833,,
scan,BB,p=138.692,138.692,0.00721022120959,110,3.57970669833,,
scan,BB,p=138.694,138.694,0.00721011723651,110,3.57970669833,,
scan,BB,p=138.696,138.696,0.00721001326642,110,3.57970669833,,
scan,BB,p=138.698,138.698,0.00720990929934,110,3.57970669833,,
scan,BB,p=138.7,138.7,0.00720980533526,110,3.57970669833,,
scan,BB,p=138.702,138.702,0.00720970137417,110,3.57970669833,,
scan,BB,p=138.704,138.704,0.00720959741608,110,3.57970669833,,
scan,BB,p=138.706,138.706,0.00720949346099,110,3.57970669833,,
scan,BB,p=138.708,138.708,0.0072093895089,110,3.57970669833,,
scan,BB,p=138.71,138.71,0.0072092855598,110,3.57970669833,,
scan,BB,p=138.712,138.712,0.0072091816137,110,3.57970669833,,
scan,BB,p=138.714,138.714,0.0072090776706,110,3.57970669833,,
scan,BB,p=138.716,138.716,0.0072089737305,110,3.57970669833,,
scan,BB,p=138.718,138.718,0.00720886979339,110,3.57970669833,,
scan,BB,p=138.72,138.72,0.00720876585928,110,3.57970669833,,
scan,BB,p=138.722,138.722,0.00720866192817,110,3.57970669833,,
scan,BB,p=138.724,138.724,0.00720855800006,110,3.57970669833,,
scan,BB,p=138.726,138.726,0.00720845407494,110,3.57970669833,,
scan,BB,p=138.728,138.728,0.00720835015282,110,3.57970669833,,
scan,BB,p=138.73,138.73,0.00720824623369,110,3.57970669833,,
scan,BB,p=138.732,138.732,0.00720814231756,110,3.57970669833,,
scan,BB,p=138.734,138.734,0.00720803840443,110,3.57970669833,,
scan,BB,p=138.736,138.736,0.00720793449429,110,3.57970669833,,
scan,BB,p=138.738,138.738,0.00720783058715,110,3.57970669833,,
scan,BB,p=138.74,138.74,0.007207726683,110,3.57970669833,,
scan,BB,p=138.742,138.742,0.00720762278185,110,3.57970669833,,
scan,BB,p=138.744,138.744,0.0072075188837,110,3.57970669833,,
scan,BB,p=138.746,138.746,0.00720741498854,110,3.57970669833,,
scan,BB,p=138.748,138.748,0.00720731109638,110,3.57970669833,,
scan,BB,p=138.75,138.75,0.00720720720721,110,3.57970669833,,
scan,BB,p=138.752,138.752,0.00720710332103,110,3.57970669833,,
scan,BB,p=138.754,138.754,0.00720699943785,110,3.57970669833,,
scan,BB,p=138.756,138.756,0.00720689555767,110,3.57970669833,,
scan,BB,p=138.758,138.758,0.00720679168048,110,3.57970669833,,
scan,BB,p=138.76,138.76,0.00720668780628,110,3.57970669833,,
scan,BB,p=138.762,138.762,0.00720658393508,110,3.57970669833,,
scan,BB,p=138.764,138.764,0.00720648006688,110,3.57970669833,,
scan,BB,p=138.766,138.766,0.00720637620166,110,3.57970669833,,
scan,BB,p=138.768,138.768,0.00720627233944,110,3.57970669833,,
scan,BB,p=138.77,138.77,0.00720616848022,110,3.57970669833,,
scan,BB,p=138.772,138.772,0.00720606462399,110,3.57970669833,,
scan,BB,p=138.774,138.774,0.00720596077075,110,3.57970669833,,
scan,BB,p=138.776,138.776,0.0072058569205,110,3.57970669833,,
scan,BB,p=138.778,138.778,0.00720575307325,110,3.57970669833,,
scan,BB,p=138.78,138.78,0.007205649229,110,3.57970669833,,
scan,BB,p=138.782,138.782,0.00720554538773,110,3.57970669833,,
scan,BB,p=138.784,138.784,0.00720544154946,110,3.57970669833,,
scan,BB,p=138.786,138.786,0.00720533771418,110,3.57970669833,,
scan,BB,p=138.788,138.788,0.00720523388189,110,3.57970669833,,
scan,BB,p=138.79,138.79,0.0072051300526,110,3.57970669833,,
scan,BB,p=138.792,138.792,0.0072050262263,110,3.57970669833,,
scan,BB,p=138.794,138.794,0.00720492240299,110,3.57970669833,,
scan,BB,p=138.796,138.796,0.00720481858267,110,3.57970669833,,
scan,BB,p=138.798,138.798,0.00720471476534,110,3.57970669833,,
scan,BB,p=138.8,138.8,0.00720461095101,110,3.57970669833,,
scan,BB,p=138.802,138.802,0.00720450713967,110,3.57970669833,,
scan,BB,p=138.804,138.804,0.00720440333132,110,3.57970669833,,
scan,BB,p=138.806,138.806,0.00720429952596,110,3.57970669833,,
scan,BB,p=138.808,138.808,0.00720419572359,110,3.57970669833,,
scan,BB,p=138.81,138.81,0.00720409192421,110,3.57970669833,,
scan,BB,p=138.812,138.812,0.00720398812783,110,3.57970669833,,
scan,BB,p=138.814,138.814,0.00720388433443,110,3.57970669833,,
scan,BB,p=138.816,138.816,0.00720378054403,110,3.57970669833,,
scan,BB,p=138.818,138.818,0.00720367675662,110,3.57970669833,,
scan,BB,p=138.82,138.82,0.00720357297219,110,3.57970669833,,
scan,BB,p=138.822,138.822,0.00720346919076,110,3.57970669833,,
scan,BB,p=138.824,138.824,0.00720336541232,110,3.57970669833,,
scan,BB,p=138.826,138.826,0.00720326163687,110,3.57970669833,,
scan,BB,p=138.828,138.828,0.00720315786441,110,3.57970669833,,
scan,BB,p=138.83,138.83,0.00720305409494,110,3.57970669833,,
scan,BB,p=138.832,138.832,0.00720295032845,110,3.57970669833,,
scan,BB,p=138.834,138.834,0.00720284656496,110,3.57970669833,,
scan,BB,p=138.836,138.836,0.00720274280446,110,3.57970669833,,
scan,BB,p=138.838,138.838,0.00720263904695,110,3.57970669833,,
scan,BB,p=138.84,138.84,0.00720253529242,110,3.57970669833,,
scan,BB,p=138.842,138.842,0.00720243154089,110,3.57970669833,,
scan,BB,p=138.844,138.844,0.00720232779234,110,3.57970669833,,
scan,BB,p=138.846,138.846,0.00720222404679,110,3.57970669833,,
scan,BB,p=138.848,138.848,0.00720212030422,110,3.57970669833,,
scan,BB,p=138.85,138.85,0.00720201656464,110,3.57970669833,,
scan,BB,p=138.852,138.852,0.00720191282805,110,3.57970669833,,
scan,BB,p=138.854,138.854,0.00720180909444,110,3.57970669833,,
scan,BB,p=138.856,138.856,0.00720170536383,110,3.57970669833,,
scan,BB,p=138.858,138.858,0.0072016016362,110,3.57970669833,,
scan,BB,p=138.86,138.86,0.00720149791157,110,3.57970669833,,
scan,BB,p=138.862,138.862,0.00720139418992,110,3.57970669833,,
scan,BB,p=138.864,138.864,0.00720129047125,110,3.57970669833,,
scan,BB,p=138.866,138.866,0.00720118675558,110,3.57970669833,,
scan,BB,p=138.868,138.868,0.00720108304289,110,3.57970669833,,
scan,BB,p=138.87,138.87,0.00720097933319,110,3.57970669833,,
scan,BB,p=138.872,138.872,0.00720087562648,110,3.57970669833,,
scan,BB,p=138.874,138.874,0.00720077192275,110,3.57970669833,,
scan,BB,p=138.876,138.876,0.00720066822201,110,3.57970669833,,
scan,BB,p=138.878,138.878,0.00720056452426,110,3.57970669833,,
scan,BB,p=138.88,138.88,0.00720046082949,110,3.57970669833,,
scan,BB,p=138.882,138.882,0.00720035713771,110,3.57970669833,,
scan,BB,p=138.884,138.884,0.00720025344892,110,3.57970669833,,
scan,BB,p=138.886,138.886,0.00720014976312,110,3.57970669833,,
scan,BB,p=138.888,138.888,0.00720004608029,110,3.57970669833,,
scan,BB,p=138.89,138.89,0.00719994240046,110,3.57970669833,,
scan,BB,p=138.892,138.892,0.00719983872361,110,3.57970669833,,
scan,BB,p=138.894,138.894,0.00719973504975,110,3.57970669833,,
scan,BB,p=138.896,138.896,0.00719963137887,110,3.57970669833,,
scan,BB,p=138.898,138.898,0.00719952771098,110,3.57970669833,,
scan,BB,p=138.9,138.9,0.00719942404608,110,3.57970669833,,
scan,BB,p=138.902,138.902,0.00719932038416,110,3.57970669833,,
scan,BB,p=138.904,138.904,0.00719921672522,110,3.57970669833,,
scan,BB,p=138.906,138.906,0.00719911306927,110,3.57970669833,,
scan,BB,p=138.908,138.908,0.0071990094163,110,3.57970669833,,
scan,BB,p=138.91,138.91,0.00719890576632,110,3.57970669833,,
scan,BB,p=138.912,138.912,0.00719880211933,110,3.57970669833,,
scan,BB,p=138.914,138.914,0.00719869847532,110,3.57970669833,,
scan,BB,p=138.916,138.916,0.00719859483429,110,3.57970669833,,
scan,BB,p=138.918,138.918,0.00719849119625,110,3.57970669833,,
scan,BB,p=138.92,138.92,0.00719838756119,110,3.57970669833,,
scan,BB,p=138.922,138.922,0.00719828392911,110,3.57970669833,,
scan,BB,p=138.924,138.924,0.00719818030002,110,3.57970669833,,
scan,BB,p=138.926,138.926,0.00719807667391,110,3.57970669833,,
scan,BB,p=138.928,138.928,0.00719797305079,110,3.57970669833,,
scan,BB,p=138.93,138.93,0.00719786943065,110,3.57970669833,,
scan,BB,p=138.932,138.932,0.00719776581349,110,3.57970669833,,
scan,BB,p=138.934,138.934,0.00719766219932,110,3.57970669833,,
scan,BB,p=138.936,138.936,0.00719755858813,110,3.57970669833,,
scan,BB,p=138.938,138.938,0.00719745497992,110,3.57970669833,,
scan,BB,p=138.94,138.94,0.00719735137469,110,3.57970669833,,
scan,BB,p=138.942,138.942,0.00719724777245,110,3.57970669833,,
scan,BB,p=138.944,138.944,0.00719714417319,110,3.57970669833,,
scan,BB,p=138.946,138.946,0.00719704057691,110,3.57970669833,,
scan,BB,p=138.948,138.948,0.00719693698362,110,3.57970669833,,
scan,BB,p=138.95,138.95,0.00719683339331,110,3.57970669833,,
scan,BB,p=138.952,138.952,0.00719672980598,110,3.57970669833,,
scan,BB,p=138.954,138.954,0.00719662622163,110,3.57970669833,,
scan,BB,p=138.956,138.956,0.00719652264026,110,3.57970669833,,
scan,BB,p=138.958,138.958,0.00719641906187,110,3.57970669833,,
scan,BB,p=138.96,138.96,0.00719631548647,110,3.57970669833,,
scan,BB,p=138.962,138.962,0.00719621191405,110,3.57970669833,,
scan,BB,p=138.964,138.964,0.00719610834461,110,3.57970669833,,
scan,BB,p=138.966,138.966,0.00719600477815,110,3.57970669833,,
scan,BB,p=138.968,138.968,0.00719590121467,110,3.57970669833,,
scan,BB,p=138.97,138.97,0.00719579765417,110,3.57970669833,,
scan,BB,p=138.972,138.972,0.00719569409665,110,3.57970669833,,
scan,BB,p=138.974,138.974,0.00719559054212,110,3.57970669833,,
scan,BB,p=138.976,138.976,0.00719548699056,110,3.57970669833,,
scan,BB,p=138.978,138.978,0.00719538344198,110,3.57970669833,,
scan,BB,p=138.98,138.98,0.00719527989639,110,3.57970669833,,
scan,BB,p=138.982,138.982,0.00719517635377,110,3.57970669833,,
scan,BB,p=138.984,138.984,0.00719507281414,110,3.57970669833,,
scan,BB,p=138.986,138.986,0.00719496927748,110,3.57970669833,,
scan,BB,p=138.988,138.988,0.00719486574381,110,3.57970669833,,
scan,BB,p=138.99,138.99,0.00719476221311,110,3.57970669833,,
scan,BB,p=138.992,138.992,0.00719465868539,110,3.57970669833,,
scan,BB,p=138.994,138.994,0.00719455516065,110,3.57970669833,,
scan,BB,p=138.996,138.996,0.0071944516389,110,3.57970669833,,
scan,BB,p=138.998,138.998,0.00719434812012,110,3.57970669833,,
scan,BB,p=139,139,0.00719424460432,110,3.57970669833,,
scan,BB,p=139.002,139.002,0.0071941410915,110,3.57970669833,,
scan,BB,p=139.004,139.004,0.00719403758165,110,3.57970669833,,
scan,BB,p=139.006,139.006,0.00719393407479,110,3.57970669833,,
scan,BB,p=139.008,139.008,0.0071938305709,110,3.57970669833,,
scan,BB,p=139.01,139.01,0.00719372706999,110,3.57970669833,,
scan,BB,p=139.012,139.012,0.00719362357207,110,3.57970669833,,
scan,BB,p=139.014,139.014,0.00719352007711,110,3.57970669833,,
scan,BB,p=139.016,139.016,0.00719341658514,110,3.57970669833,,
scan,BB,p=139.018,139.018,0.00719331309615,110,3.57970669833,,
scan,BB,p=139.02,139.02,0.00719320961013,110,3.57970669833,,
scan,BB,p=139.022,139.022,0.00719310612709,110,3.57970669833,,
scan,BB,p=139.024,139.024,0.00719300264702,110,3.57970669833,,
scan,BB,p=139.026,139.026,0.00719289916994,110,3.57970669833,,
scan,BB,p=139.028,139.028,0.00719279569583,110,3.57970669833,,
scan,BB,p=139.03,139.03,0.0071926922247,110,3.57970669833,,
scan,BB,p=139.032,139.032,0.00719258875655,110,3.57970669833,,
scan,BB,p=139.034,139.034,0.00719248529137,110,3.57970669833,,
scan,BB,p=139.036,139.036,0.00719238182917,110,3.57970669833,,
scan,BB,p=139.038,139.038,0.00719227836994,110,3.57970669833,,
scan,BB,p=139.04,139.04,0.00719217491369,110,3.57970669833,,
scan,BB,p=139.042,139.042,0.00719207146042,110,3.57970669833,,
scan,BB,p=139.044,139.044,0.00719196801013,110,3.57970669833,,
scan,BB,p=139.046,139.046,0.00719186456281,110,3.57970669833,,
scan,BB,p=139.048,139.048,0.00719176111846,110,3.57970669833,,
scan,BB,p=139.05,139.05,0.00719165767709,110,3.57970669833,,
scan,BB,p=139.052,139.052,0.0071915542387,110,3.57970669833,,
scan,BB,p=139.054,139.054,0.00719145080329,110,3.57970669833,,
scan,BB,p=139.056,139.056,0.00719134737084,110,3.57970669833,,
scan,BB,p=139.058,139.058,0.00719124394138,110,3.57970669833,,
scan,BB,p=139.06,139.06,0.00719114051489,110,3.57970669833,,
scan,BB,p=139.062,139.062,0.00719103709137,110,3.57970669833,,
scan,BB,p=139.064,139.064,0.00719093367083,110,3.57970669833,,
scan,BB,p=139.066,139.066,0.00719083025326,110,3.57970669833,,
scan,BB,p=139.068,139.068,0.00719072683867,110,3.57970669833,,
scan,BB,p=139.07,139.07,0.00719062342705,110,3.57970669833,,
scan,BB,p=139.072,139.072,0.00719052001841,110,3.57970669833,,
scan,BB,p=139.074,139.074,0.00719041661274,110,3.57970669833,,
scan,BB,p=139.076,139.076,0.00719031321004,110,3.57970669833,,
scan,BB,p=139.078,139.078,0.00719020981032,110,3.57970669833,,
scan,BB,p=139.08,139.08,0.00719010641357,110,3.57970669833,,
scan,BB,p=139.082,139.082,0.0071900030198,110,3.57970669833,,
scan,BB,p=139.084,139.084,0.007189899629,110,3.57970669833,,
scan,BB,p=139.086,139.086,0.00718979624117,110,3.57970669833,,
scan,BB,p=139.088,139.088,0.00718969285632,110,3.57970669833,,
scan,BB,p=139.09,139.09,0.00718958947444,110,3.57970669833,,
scan,BB,p=139.092,139.092,0.00718948609553,110,3.57970669833,,
scan,BB,p=139.094,139.094,0.0071893827196,110,3.57970669833,,
scan,BB,p=139.096,139.096,0.00718927934664,110,3.57970669833,,
scan,BB,p=139.098,139.098,0.00718917597665,110,3.57970669833,,
scan,BB,p=139.1,139.1,0.00718907260963,110,3.57970669833,,
scan,BB,p=139.102,139.102,0.00718896924559,110,3.57970669833,,
scan,BB,p=139.104,139.104,0.00718886588452,110,3.57970669833,,
scan,BB,p=139.106,139.106,0.00718876252642,110,3.57970669833,,
scan,BB,p=139.108,139.108,0.00718865917129,110,3.57970669833,,
scan,BB,p=139.11,139.11,0.00718855581914,110,3.57970669833,,
scan,BB,p=139.112,139.112,0.00718845246995,110,3.57970669833,,
scan,BB,p=139.114,139.114,0.00718834912374,110,3.57970669833,,
scan,BB,p=139.116,139.116,0.0071882457805,110,3.57970669833,,
scan,BB,p=139.118,139.118,0.00718814244023,110,3.57970669833,,
scan,BB,p=139.12,139.12,0.00718803910293,110,3.57970669833,,
scan,BB,p=139.122,139.122,0.00718793576861,110,3.57970669833,,
scan,BB,p=139.124,139.124,0.00718783243725,110,3.57970669833,,
scan,BB,p=139.126,139.126,0.00718772910887,110,3.57970669833,,
scan,BB,p=139.128,139.128,0.00718762578345,110,3.57970669833,,
scan,BB,p=139.13,139.13,0.00718752246101,110,3.57970669833,,
scan,BB,p=139.132,139.132,0.00718741914153,110,3.57970669833,,
scan,BB,p=139.134,139.134,0.00718731582503,110,3.57970669833,,
scan,BB,p=139.136,139.136,0.0071872125115,110,3.57970669833,,
scan,BB,p=139.138,139.138,0.00718710920094,110,3.57970669833,,
scan,BB,p=139.14,139.14,0.00718700589334,110,3.57970669833,,
scan,BB,p=139.142,139.142,0.00718690258872,110,3.57970669833,,
scan,BB,p=139.144,139.144,0.00718679928707,110,3.57970669833,,
scan,BB,p=139.146,139.146,0.00718669598839,110,3.57970669833,,
scan,BB,p=139.148,139.148,0.00718659269267,110,3.57970669833,,
scan,BB,p=139.15,139.15,0.00718648939993,110,3.57970669833,,
scan,BB,p=139.152,139.152,0.00718638611015,110,3.57970669833,,
scan,BB,p=139.154,139.154,0.00718628282335,110,3.57970669833,,
scan,BB,p=139.156,139.156,0.00718617953951,110,3.57970669833,,
scan,BB,p=139.158,139.158,0.00718607625864,110,3.57970669833,,
scan,BB,p=139.16,139.16,0.00718597298074,110,3.57970669833,,
scan,BB,p=139.162,139.162,0.00718586970581,110,3.57970669833,,
scan,BB,p=139.164,139.164,0.00718576643385,110,3.57970669833,,
scan,BB,p=139.166,139.166,0.00718566316485,110,3.57970669833,,
scan,BB,p=139.168,139.168,0.00718555989883,110,3.57970669833,,
scan,BB,p=139.17,139.17,0.00718545663577,110,3.57970669833,,
scan,BB,p=139.172,139.172,0.00718535337568,110,3.57970669833,,
scan,BB,p=139.174,139.174,0.00718525011856,110,3.57970669833,,
scan,BB,p=139.176,139.176,0.0071851468644,110,3.57970669833,,
scan,BB,p=139.178,139.178,0.00718504361321,110,3.57970669833,,
scan,BB,p=139.18,139.18,0.00718494036499,110,3.57970669833,,
scan,BB,p=139.182,139.182,0.00718483711974,110,3.57970669833,,
scan,BB,p=139.184,139.184,0.00718473387746,110,3.57970669833,,
scan,BB,p=139.186,139.186,0.00718463063814,110,3.57970669833,,
scan,BB,p=139.188,139.188,0.00718452740179,110,3.57970669833,,
scan,BB,p=139.19,139.19,0.0071844241684,110,3.57970669833,,
scan,BB,p=139.192,139.192,0.00718432093798,110,3.57970669833,,
scan,BB,p=139.194,139.194,0.00718421771053,110,3.57970669833,,
scan,BB,p=139.196,139.196,0.00718411448605,110,3.57970669833,,
scan,BB,p=139.198,139.198,0.00718401126453,110,3.57970669833,,
scan,BB,p=139.2,139.2,0.00718390804598,110,3.57970669833,,
scan,BB,p=139.202,139.202,0.00718380483039,110,3.57970669833,,
scan,BB,p=139.204,139.204,0.00718370161777,110,3.57970669833,,
scan,BB,p=139.206,139.206,0.00718359840811,110,3.57970669833,,
scan,BB,p=139.208,139.208,0.00718349520143,110,3.57970669833,,
scan,BB,p=139.21,139.21,0.0071833919977,110,3.57970669833,,
scan,BB,p=139.212,139.212,0.00718328879694,110,3.57970669833,,
scan,BB,p=139.214,139.214,0.00718318559915,110,3.57970669833,,
scan,BB,p=139.216,139.216,0.00718308240432,110,3.57970669833,,
scan,BB,p=139.218,139.218,0.00718297921246,110,3.57970669833,,
scan,BB,p=139.22,139.22,0.00718287602356,110,3.57970669833,,
scan,BB,p=139.222,139.222,0.00718277283763,110,3.57970669833,,
scan,BB,p=139.224,139.224,0.00718266965466,110,3.57970669833,,
scan,BB,p=139.226,139.226,0.00718256647465,110,3.57970669833,,
scan,BB,p=139.228,139.228,0.00718246329761,110,3.57970669833,,
scan,BB,p=139.23,139.23,0.00718236012354,110,3.57970669833,,
scan,BB,p=139.232,139.232,0.00718225695242,110,3.57970669833,,
scan,BB,p=139.234,139.234,0.00718215378428,110,3.57970669833,,
scan,BB,p=139.236,139.236,0.00718205061909,110,3.57970669833,,
scan,BB,p=139.238,139.238,0.00718194745687,110,3.57970669833,,
scan,BB,p=139.24,139.24,0.00718184429762,110,3.57970669833,,
scan,BB,p=139.242,139.242,0.00718174114132,110,3.57970669833,,
scan,BB,p=139.244,139.244,0.00718163798799,110,3.57970669833,,
scan,BB,p=139.246,139.246,0.00718153483763,110,3.57970669833,,
scan,BB,p=139.248,139.248,0.00718143169022,110,3.57970669833,,
scan,BB,p=139.25,139.25,0.00718132854578,110,3.57970669833,,
scan,BB,p=139.252,139.252,0.0071812254043,110,3.57970669833,,
scan,BB,p=139.254,139.254,0.00718112226579,110,3.57970669833,,
scan,BB,p=139.256,139.256,0.00718101913023,110,3.57970669833,,
scan,BB,p=139.258,139.258,0.00718091599764,110,3.57970669833,,
scan,BB,p=139.26,139.26,0.00718081286802,110,3.57970669833,,
scan,BB,p=139.262,139.262,0.00718070974135,110,3.57970669833,,
scan,BB,p=139.264,139.264,0.00718060661765,110,3.57970669833,,
scan,BB,p=139.266,139.266,0.00718050349691,110,3.57970669833,,
scan,BB,p=139.268,139.268,0.00718040037913,110,3.57970669833,,
scan,BB,p=139.27,139.27,0.00718029726431,110,3.57970669833,,
scan,BB,p=139.272,139.272,0.00718019415245,110,3.57970669833,,
scan,BB,p=139.274,139.274,0.00718009104355,110,3.57970669833,,
scan,BB,p=139.276,139.276,0.00717998793762,110,3.57970669833,,
scan,BB,p=139.278,139.278,0.00717988483465,110,3.57970669833,,
scan,BB,p=139.28,139.28,0.00717978173464,109,3.89793189799,,
scan,BB,p=139.282,139.282,0.00717967863758,109,3.89793189799,,
scan,BB,p=139.284,139.284,0.00717957554349,109,3.89793189799,,
scan,BB,p=139.286,139.286,0.00717947245236,109,3.89793189799,,
scan,BB,p=139.288,139.288,0.0071793693642,109,3.89793189799,,
scan,BB,p=139.29,139.29,0.00717926627899,109,3.89793189799,,
scan,BB,p=139.292,139.292,0.00717916319674,109,3.89793189799,,
scan,BB,p=139.294,139.294,0.00717906011745,109,3.89793189799,,
scan,BB,p=139.296,139.296,0.00717895704112,109,3.89793189799,,
scan,BB,p=139.298,139.298,0.00717885396775,109,3.89793189799,,
scan,BB,p=139.3,139.3,0.00717875089734,109,3.89793189799,,
scan,BB,p=139.302,139.302,0.00717864782989,109,3.89793189799,,
scan,BB,p=139.304,139.304,0.00717854476541,109,3.89793189799,,
scan,BB,p=139.306,139.306,0.00717844170387,109,3.89793189799,,
scan,BB,p=139.308,139.308,0.0071783386453,109,3.89793189799,,
scan,BB,p=139.31,139.31,0.00717823558969,109,3.89793189799,,
scan,BB,p=139.312,139.312,0.00717813253704,109,3.89793189799,,
scan,BB,p=139.314,139.314,0.00717802948735,109,3.89793189799,,
scan,BB,p=139.316,139.316,0.00717792644061,109,3.89793189799,,
scan,BB,p=139.318,139.318,0.00717782339683,109,3.89793189799,,
scan,BB,p=139.32,139.32,0.00717772035601,109,3.89793189799,,
scan,BB,p=139.322,139.322,0.00717761731816,109,3.89793189799,,
scan,BB,p=139.324,139.324,0.00717751428325,109,3.89793189799,,
scan,BB,p=139.326,139.326,0.00717741125131,109,3.89793189799,,
scan,BB,p=139.328,139.328,0.00717730822232,109,3.89793189799,,
scan,BB,p=139.33,139.33,0.0071772051963,109,3.89793189799,,
scan,BB,p=139.332,139.332,0.00717710217323,109,3.89793189799,,
scan,BB,p=139.334,139.334,0.00717699915311,109,3.89793189799,,
scan,BB,p=139.336,139.336,0.00717689613596,109,3.89793189799,,
scan,BB,p=139.338,139.338,0.00717679312176,109,3.89793189799,,
scan,BB,p=139.34,139.34,0.00717669011052,109,3.89793189799,,
scan,BB,p=139.342,139.342,0.00717658710224,109,3.89793189799,,
scan,BB,p=139.344,139.344,0.00717648409691,109,3.89793189799,,
scan,BB,p=139.346,139.346,0.00717638109454,109,3.89793189799,,
scan,BB,p=139.348,139.348,0.00717627809513,109,3.89793189799,,
scan,BB,p=139.35,139.35,0.00717617509867,109,3.89793189799,,
scan,BB,p=139.352,139.352,0.00717607210517,109,3.89793189799,,
scan,BB,p=139.354,139.354,0.00717596911463,109,3.89793189799,,
scan,BB,p=139.356,139.356,0.00717586612704,109,3.89793189799,,
scan,BB,p=139.358,139.358,0.00717576314241,109,3.89793189799,,
scan,BB,p=139.36,139.36,0.00717566016073,109,3.89793189799,,
scan,BB,p=139.362,139.362,0.00717555718202,109,3.89793189799,,
scan,BB,p=139.364,139.364,0.00717545420625,109,3.89793189799,,
scan,BB,p=139.366,139.366,0.00717535123344,109,3.89793189799,,
scan,BB,p=139.368,139.368,0.00717524826359,109,3.89793189799,,
scan,BB,p=139.37,139.37,0.00717514529669,109,3.89793189799,,
scan,BB,p=139.372,139.372,0.00717504233275,109,3.89793189799,,
scan,BB,p=139.374,139.374,0.00717493937176,109,3.89793189799,,
scan,BB,p=139.376,139.376,0.00717483641373,109,3.89793189799,,
scan,BB,p=139.378,139.378,0.00717473345865,109,3.89793189799,,
scan,BB,p=139.38,139.38,0.00717463050653,109,3.89793189799,,
scan,BB,p=139.382,139.382,0.00717452755736,109,3.89793189799,,
scan,BB,p=139.384,139.384,0.00717442461115,109,3.89793189799,,
scan,BB,p=139.386,139.386,0.00717432166789,109,3.89793189799,,
scan,BB,p=139.388,139.388,0.00717421872758,109,3.89793189799,,
scan,BB,p=139.39,139.39,0.00717411579023,109,3.89793189799,,
scan,BB,p=139.392,139.392,0.00717401285583,109,3.89793189799,,
scan,BB,p=139.394,139.394,0.00717390992439,109,3.89793189799,,
scan,BB,p=139.396,139.396,0.0071738069959,109,3.89793189799,,
scan,BB,p=139.398,139.398,0.00717370407036,109,3.89793189799,,
scan,BB,p=139.4,139.4,0.00717360114778,109,3.89793189799,,
