channel,nside_out,nlat,nlon,lat_cut_deg,field,window2d,radial,null,mc,seed,k,obs_psd,mc_mean,mc_std,z,p_tail
TT,256,512,1024,0.0,value,hann,True,phi-roll,500,0,0,1.5231634886264344e-06,3.5774214722784665e-07,3.037942431957677e-07,3.8362193079727973,0.008
TT,256,512,1024,0.0,value,hann,True,phi-roll,500,0,1,4.031027556482261e-06,1.7172191983644438e-06,5.264870980425568e-07,4.3948054315488445,0.002
TT,256,512,1024,0.0,value,hann,True,phi-roll,500,0,2,9.167177558945535e-06,3.6562428920821075e-06,5.957701547262442e-07,9.250101944760388,0.0
TT,256,512,1024,0.0,value,hann,True,phi-roll,500,0,3,1.4048822782445149e-05,2.693840202595296e-06,4.540998766439376e-07,25.00547382608818,0.0
TT,256,512,1024,0.0,value,hann,True,phi-roll,500,0,4,4.697598564426479e-06,6.643920754492213e-07,1.411217662045797e-07,28.579620263046085,0.0
TT,256,512,1024,0.0,value,hann,True,phi-roll,500,0,5,1.3762961139010272e-05,2.4449347986317724e-07,8.191425774733125e-08,165.03192522168126,0.0
TT,256,512,1024,0.0,value,hann,True,phi-roll,500,0,6,1.53438112339019e-05,2.0802683963769017e-07,6.869728672981346e-08,220.32579618163487,0.0
TT,256,512,1024,0.0,value,hann,True,phi-roll,500,0,7,3.410557462614699e-06,2.0199998245212734e-07,6.483087247961472e-08,49.491196978283206,0.0
TT,256,512,1024,0.0,value,hann,True,phi-roll,500,0,8,2.0227075640593275e-06,1.4885597516291872e-07,4.3060060796638877e-08,43.51716078029029,0.0
TT,256,512,1024,0.0,value,hann,True,phi-roll,500,0,9,8.662741999159983e-07,1.391490173145168e-07,3.638883779014944e-08,19.982094146417516,0.0
TT,256,512,1024,0.0,value,hann,True,phi-roll,500,0,10,5.863128563090447e-07,1.3620001300145953e-07,4.003618287256171e-08,11.242651297211061,0.0
TT,256,512,1024,0.0,value,hann,True,phi-roll,500,0,11,1.231958334606122e-06,1.1474915702996447e-07,3.044666329822296e-08,36.69397748558425,0.0
TT,256,512,1024,0.0,value,hann,True,phi-roll,500,0,12,1.3372627950465215e-06,1.1204583236838009e-07,2.9449471937668466e-08,41.60403844494682,0.0
TT,256,512,1024,0.0,value,hann,True,phi-roll,500,0,13,1.0915616842559174e-06,1.1519699903464171e-07,2.9226364727087626e-08,33.406983534847896,0.0
TT,256,512,1024,0.0,value,hann,True,phi-roll,500,0,14,4.982466649437448e-07,1.1897555975278638e-07,2.8027690101343113e-08,13.532014369346241,0.0
TT,256,512,1024,0.0,value,hann,True,phi-roll,500,0,15,7.594469261833555e-07,1.004548545834836e-07,2.4750396559352756e-08,26.625515676873064,0.0
TT,256,512,1024,0.0,value,hann,True,phi-roll,500,0,16,5.868728192170941e-07,9.88007534307662e-08,2.3801649613132334e-08,20.505808367040192,0.0
TT,256,512,1024,0.0,value,hann,True,phi-roll,500,0,17,5.045188576366178e-07,1.167712275928223e-07,2.606066437140024e-08,14.878654838489899,0.0
TT,256,512,1024,0.0,value,hann,True,phi-roll,500,0,18,4.976865270717911e-07,9.500086371331589e-08,2.1348267226760265e-08,18.862686094434153,0.0
TT,256,512,1024,0.0,value,hann,True,phi-roll,500,0,19,3.364019162313898e-07,8.945528667630175e-08,2.0308724766322544e-08,12.15963249275964,0.0
TT,256,512,1024,0.0,value,hann,True,phi-roll,500,0,20,2.581148021374473e-07,9.42021444231418e-08,2.135263303423197e-08,7.676461139547761,0.0
TT,256,512,1024,0.0,value,hann,True,phi-roll,500,0,21,2.86162957753851e-07,7.946040213535878e-08,1.6026375846959498e-08,12.897648076667785,0.0
TT,256,512,1024,0.0,value,hann,True,phi-roll,500,0,22,2.7522155845210345e-07,9.652836499971409e-08,2.0673987734905835e-08,8.643382967219472,0.0
TT,256,512,1024,0.0,value,hann,True,phi-roll,500,0,23,2.165541780420427e-07,9.564131324803417e-08,1.946261350717595e-08,6.212570821972467,0.0
TT,256,512,1024,0.0,value,hann,True,phi-roll,500,0,24,2.564018707642932e-07,7.735597409281932e-08,1.699920939143504e-08,10.532601402138454,0.0
TT,256,512,1024,0.0,value,hann,True,phi-roll,500,0,25,3.437817552036624e-07,7.870626168648231e-08,1.5771322658419716e-08,16.80743582883115,0.0
TT,256,512,1024,0.0,value,hann,True,phi-roll,500,0,26,5.183285296652936e-07,1.2750715925553465e-07,2.2805480214006364e-08,17.13716908139165,0.0
TT,256,512,1024,0.0,value,hann,True,phi-roll,500,0,27,6.154616650666343e-07,1.6385050966691896e-07,2.908805955316391e-08,15.52565424910214,0.0
TT,256,512,1024,0.0,value,hann,True,phi-roll,500,0,28,4.5496462067833995e-07,1.213742640084226e-07,2.207516065042913e-08,15.111570962154357,0.0
TT,256,512,1024,0.0,value,hann,True,phi-roll,500,0,29,4.7356970784304175e-07,1.0541680548183967e-07,1.9817156099101553e-08,18.577484101156823,0.0
TT,256,512,1024,0.0,value,hann,True,phi-roll,500,0,30,4.374846453420627e-07,1.1269073919395479e-07,2.017759533745354e-08,16.096759832685677,0.0
TT,256,512,1024,0.0,value,hann,True,phi-roll,500,0,31,3.113657257071733e-07,1.1067180925962069e-07,2.1373645673309225e-08,9.389784013223968,0.0
TT,256,512,1024,0.0,value,hann,True,phi-roll,500,0,32,2.7771873250161385e-07,1.1742437966351621e-07,2.0741549475649065e-08,7.728176384618032,0.0
TT,256,512,1024,0.0,value,hann,True,phi-roll,500,0,33,3.157353444255701e-07,1.3341184625880597e-07,2.067834153520647e-08,8.817123842177784,0.0
TT,256,512,1024,0.0,value,hann,True,phi-roll,500,0,34,2.9787624512768773e-07,1.0982317040046042e-07,1.799629030229182e-08,10.449546632578985,0.0
TT,256,512,1024,0.0,value,hann,True,phi-roll,500,0,35,3.2565817016632307e-07,8.484621868400886e-08,1.5428655773165316e-08,15.608096714501372,0.0
TT,256,512,1024,0.0,value,hann,True,phi-roll,500,0,36,3.0603637072615565e-07,7.694490143602415e-08,1.3278851169619112e-08,17.252356123568386,0.0
TT,256,512,1024,0.0,value,hann,True,phi-roll,500,0,37,2.2169313170983698e-07,8.04794182206512e-08,1.3797536468675238e-08,10.23470485544905,0.0
TT,256,512,1024,0.0,value,hann,True,phi-roll,500,0,38,2.1204047019647043e-07,6.968022738304797e-08,1.122102405001551e-08,12.686920746170728,0.0
TT,256,512,1024,0.0,value,hann,True,phi-roll,500,0,39,1.92868878122639e-07,5.6802721517684736e-08,9.712271025518083e-09,14.009715775790562,0.0
TT,256,512,1024,0.0,value,hann,True,phi-roll,500,0,40,1.5068771783215914e-07,5.30248907711907e-08,9.344750878022243e-09,10.451089422903712,0.0
TT,256,512,1024,0.0,value,hann,True,phi-roll,500,0,41,1.353784207124588e-07,5.408150478099557e-08,9.339811165528738e-09,8.704342570812665,0.0
TT,256,512,1024,0.0,value,hann,True,phi-roll,500,0,42,1.2787431072047237e-07,5.5301959695541354e-08,9.557141533421987e-09,7.5935205909780095,0.0
TT,256,512,1024,0.0,value,hann,True,phi-roll,500,0,43,1.549650440387543e-07,5.9456952048891144e-08,1.0288995767354635e-08,9.282547505063159,0.0
TT,256,512,1024,0.0,value,hann,True,phi-roll,500,0,44,1.4506301957816176e-07,5.5768864779285006e-08,9.66497802168622e-09,9.238940285070392,0.0
TT,256,512,1024,0.0,value,hann,True,phi-roll,500,0,45,1.7282867553454495e-07,5.286770042088787e-08,8.764429332103178e-09,13.687254533989188,0.0
TT,256,512,1024,0.0,value,hann,True,phi-roll,500,0,46,1.424442516737457e-07,5.650948220635085e-08,9.531346003314929e-09,9.016016146880764,0.0
TT,256,512,1024,0.0,value,hann,True,phi-roll,500,0,47,1.065323589406096e-07,5.1007732471434745e-08,8.31371133386696e-09,6.6786810654572815,0.0
TT,256,512,1024,0.0,value,hann,True,phi-roll,500,0,48,1.1119473714689766e-07,4.874460932080212e-08,8.047418035355723e-09,7.760268890186348,0.0
TT,256,512,1024,0.0,value,hann,True,phi-roll,500,0,49,1.283528678826124e-07,4.940258392067704e-08,7.924616549331958e-09,9.962662984443185,0.0
TT,256,512,1024,0.0,value,hann,True,phi-roll,500,0,50,1.313033877367454e-07,5.002556305767045e-08,8.267105929781676e-09,9.83147250917364,0.0
TT,256,512,1024,0.0,value,hann,True,phi-roll,500,0,51,1.3469067482206033e-07,4.981311223222825e-08,7.706007317719951e-09,11.014466907480903,0.0
TT,256,512,1024,0.0,value,hann,True,phi-roll,500,0,52,1.0591469781773653e-07,4.7435350675547004e-08,7.091208011141346e-09,8.24673977273121,0.0
TT,256,512,1024,0.0,value,hann,True,phi-roll,500,0,53,9.868129711322414e-08,4.8121119956126754e-08,7.62129609766166e-09,6.634065454117454,0.0
TT,256,512,1024,0.0,value,hann,True,phi-roll,500,0,54,1.0213531326890074e-07,4.521585530833779e-08,7.580936585300226e-09,7.508235601249101,0.0
TT,256,512,1024,0.0,value,hann,True,phi-roll,500,0,55,1.1156195115643821e-07,4.5195575341325045e-08,6.90453732116382e-09,9.611994653383455,0.0
TT,256,512,1024,0.0,value,hann,True,phi-roll,500,0,56,1.1464514318534164e-07,4.916740607634072e-08,8.099299302834855e-09,8.084370593155251,0.0
TT,256,512,1024,0.0,value,hann,True,phi-roll,500,0,57,8.831743334321899e-08,4.2721953024352745e-08,5.920745441255567e-09,7.700969543658873,0.0
TT,256,512,1024,0.0,value,hann,True,phi-roll,500,0,58,9.006264119242635e-08,4.50328766216082e-08,6.971858734320919e-09,6.458789009758126,0.0
TT,256,512,1024,0.0,value,hann,True,phi-roll,500,0,59,9.575204075156463e-08,4.593982838258907e-08,6.9584852515581164e-09,7.158485010487276,0.0
TT,256,512,1024,0.0,value,hann,True,phi-roll,500,0,60,9.599117779830225e-08,4.2074690957927644e-08,6.199424426876997e-09,8.697014936842356,0.0
TT,256,512,1024,0.0,value,hann,True,phi-roll,500,0,61,1.1291238848350061e-07,4.189338781668832e-08,6.433263153231983e-09,11.039343327830967,0.0
TT,256,512,1024,0.0,value,hann,True,phi-roll,500,0,62,9.692693643469504e-08,4.0791739461573305e-08,5.842553291641486e-09,9.607990577241335,0.0
TT,256,512,1024,0.0,value,hann,True,phi-roll,500,0,63,9.400508744585997e-08,4.134454597415374e-08,6.160078434583757e-09,8.548680350571633,0.0
TT,256,512,1024,0.0,value,hann,True,phi-roll,500,0,64,8.572463983820123e-08,3.872510362391383e-08,5.242258582931534e-09,8.965512759579422,0.0
TT,256,512,1024,0.0,value,hann,True,phi-roll,500,0,65,9.079777751007958e-08,3.965616734843828e-08,6.097546808258769e-09,8.387243553812985,0.0
TT,256,512,1024,0.0,value,hann,True,phi-roll,500,0,66,8.905831883304456e-08,4.0615464586849035e-08,6.088885567604672e-09,7.955947555318013,0.0
TT,256,512,1024,0.0,value,hann,True,phi-roll,500,0,67,9.700125307252402e-08,4.095976680127943e-08,6.3869502267854535e-09,8.774373414751068,0.0
TT,256,512,1024,0.0,value,hann,True,phi-roll,500,0,68,9.186680966180407e-08,4.163613783365233e-08,6.468194404257987e-09,7.765795009977603,0.0
TT,256,512,1024,0.0,value,hann,True,phi-roll,500,0,69,9.458626815182988e-08,4.2274297761676885e-08,6.439614569135776e-09,8.123462953959601,0.0
TT,256,512,1024,0.0,value,hann,True,phi-roll,500,0,70,1.0579616894727477e-07,4.384817380352766e-08,7.005008535503613e-09,8.843386104353042,0.0
TT,256,512,1024,0.0,value,hann,True,phi-roll,500,0,71,1.0128376861191667e-07,4.197955829506635e-08,6.446774591659244e-09,9.199051319954222,0.0
TT,256,512,1024,0.0,value,hann,True,phi-roll,500,0,72,9.147399720727189e-08,3.904720690131911e-08,5.407509219406099e-09,9.695182787263146,0.0
TT,256,512,1024,0.0,value,hann,True,phi-roll,500,0,73,6.959931138178549e-08,4.2091519944171585e-08,6.262077984672494e-09,4.3927577243438884,0.002
TT,256,512,1024,0.0,value,hann,True,phi-roll,500,0,74,7.086865878506211e-08,4.114971859251443e-08,6.227668307630354e-09,4.772081415468934,0.002
TT,256,512,1024,0.0,value,hann,True,phi-roll,500,0,75,6.598260814118492e-08,4.011396445227817e-08,6.216625833339636e-09,4.161203260806488,0.0
TT,256,512,1024,0.0,value,hann,True,phi-roll,500,0,76,6.40849134261371e-08,3.740173305861223e-08,5.380310919003062e-09,4.959412340517506,0.0
TT,256,512,1024,0.0,value,hann,True,phi-roll,500,0,77,7.088779196509395e-08,3.623617718927546e-08,5.209662172192008e-09,6.651413014989902,0.0
TT,256,512,1024,0.0,value,hann,True,phi-roll,500,0,78,7.09064251618724e-08,3.707252620676408e-08,5.558145761532645e-09,6.087263703890108,0.0
TT,256,512,1024,0.0,value,hann,True,phi-roll,500,0,79,5.923908484780945e-08,3.4667369516935874e-08,5.001096140122839e-09,4.913265940588384,0.0
TT,256,512,1024,0.0,value,hann,True,phi-roll,500,0,80,5.821509176248466e-08,3.356838046122688e-08,4.4902713127341995e-09,5.488913605590126,0.0
TT,256,512,1024,0.0,value,hann,True,phi-roll,500,0,81,5.876523513799323e-08,3.313423435148132e-08,4.508226620762517e-09,5.685384285800768,0.0
TT,256,512,1024,0.0,value,hann,True,phi-roll,500,0,82,5.6261550560342497e-08,3.3397205887380164e-08,4.6448152914877385e-09,4.922551972058907,0.0
TT,256,512,1024,0.0,value,hann,True,phi-roll,500,0,83,6.373458750378239e-08,3.454919955914998e-08,5.05846998216877e-09,5.769607815705464,0.0
TT,256,512,1024,0.0,value,hann,True,phi-roll,500,0,84,6.091480838176435e-08,3.437788604718851e-08,5.080941239625911e-09,5.222835904421843,0.0
TT,256,512,1024,0.0,value,hann,True,phi-roll,500,0,85,6.4489018995205e-08,3.4086152249337456e-08,4.813408511326015e-09,6.316286405845087,0.0
TT,256,512,1024,0.0,value,hann,True,phi-roll,500,0,86,8.362691107377982e-08,3.994564278815858e-08,5.989119547455885e-09,7.293437364124177,0.0
TT,256,512,1024,0.0,value,hann,True,phi-roll,500,0,87,9.354624768847474e-08,4.671375752966932e-08,7.195309785860198e-09,6.508752444660255,0.0
TT,256,512,1024,0.0,value,hann,True,phi-roll,500,0,88,9.116741337144253e-08,4.575706935935565e-08,6.94836412044801e-09,6.535400739643299,0.0
TT,256,512,1024,0.0,value,hann,True,phi-roll,500,0,89,7.73231925881241e-08,4.0158093822540356e-08,5.826468072980061e-09,6.378666852725914,0.0
TT,256,512,1024,0.0,value,hann,True,phi-roll,500,0,90,5.093166139349935e-08,3.8260643387106044e-08,5.815307162318572e-09,2.1789077778208625,0.03
TT,256,512,1024,0.0,value,hann,True,phi-roll,500,0,91,5.256009820567985e-08,3.77646408084628e-08,5.751986998926416e-09,2.572234151429508,0.014
TT,256,512,1024,0.0,value,hann,True,phi-roll,500,0,92,5.574631365026039e-08,3.5077722875168916e-08,5.252034805776118e-09,3.9353491626446258,0.002
TT,256,512,1024,0.0,value,hann,True,phi-roll,500,0,93,5.079995350866975e-08,3.1397942810438387e-08,4.305566427739121e-09,4.5062620734943515,0.002
TT,256,512,1024,0.0,value,hann,True,phi-roll,500,0,94,5.970057080036178e-08,3.200322598562164e-08,4.539494715860063e-09,6.101415806911571,0.0
TT,256,512,1024,0.0,value,hann,True,phi-roll,500,0,95,5.7083231944476385e-08,3.14848293895308e-08,4.483271603990791e-09,5.709759482820342,0.0
TT,256,512,1024,0.0,value,hann,True,phi-roll,500,0,96,5.1128558036194167e-08,3.1286721693904546e-08,4.235115458852839e-09,4.68507565733855,0.0
TT,256,512,1024,0.0,value,hann,True,phi-roll,500,0,97,5.234486703216074e-08,3.218473522140904e-08,4.531308803924972e-09,4.449074800042144,0.0
TT,256,512,1024,0.0,value,hann,True,phi-roll,500,0,98,4.8690141027620166e-08,3.195774844740596e-08,4.219282977478148e-09,3.965695751986539,0.004
TT,256,512,1024,0.0,value,hann,True,phi-roll,500,0,99,5.3756309678389837e-08,3.474717979203075e-08,4.973109628053874e-09,3.8223830375921,0.002
TT,256,512,1024,0.0,value,hann,True,phi-roll,500,0,100,5.293957153672801e-08,3.372216627661691e-08,4.6049283351222336e-09,4.17322569681228,0.002
TT,256,512,1024,0.0,value,hann,True,phi-roll,500,0,101,5.089171985055709e-08,3.3309626796649176e-08,4.932316683787371e-09,3.5646723803645104,0.002
TT,256,512,1024,0.0,value,hann,True,phi-roll,500,0,102,5.2433606344989126e-08,3.1105888824759413e-08,4.159227768609191e-09,5.1278070610115964,0.0
TT,256,512,1024,0.0,value,hann,True,phi-roll,500,0,103,5.5481075706437376e-08,2.8942510572885707e-08,3.939119819118295e-09,6.7371814903289415,0.0
TT,256,512,1024,0.0,value,hann,True,phi-roll,500,0,104,5.911659001036713e-08,2.9337629823608094e-08,4.1110307918191096e-09,7.243672376771958,0.0
TT,256,512,1024,0.0,value,hann,True,phi-roll,500,0,105,6.446880307407038e-08,3.088428909495753e-08,4.176686829630879e-09,8.040946173137174,0.0
TT,256,512,1024,0.0,value,hann,True,phi-roll,500,0,106,6.516680544527756e-08,3.2964431022654517e-08,4.769536871596299e-09,6.751677424782198,0.0
TT,256,512,1024,0.0,value,hann,True,phi-roll,500,0,107,5.277866304187907e-08,3.180799094080771e-08,4.693019035293777e-09,4.468482216535186,0.0
TT,256,512,1024,0.0,value,hann,True,phi-roll,500,0,108,5.2079107044088797e-08,2.972106160040966e-08,4.0727148197063865e-09,5.489715443737106,0.0
TT,256,512,1024,0.0,value,hann,True,phi-roll,500,0,109,5.326384062976598e-08,2.7836483424371683e-08,3.684071599055789e-09,6.901971506718604,0.0
TT,256,512,1024,0.0,value,hann,True,phi-roll,500,0,110,4.9265554580404203e-08,2.60071814328685e-08,3.2934302538476645e-09,7.062051221629273,0.0
TT,256,512,1024,0.0,value,hann,True,phi-roll,500,0,111,5.2472489489414084e-08,2.7114734593177394e-08,3.691176434878356e-09,6.8698300781908745,0.0
TT,256,512,1024,0.0,value,hann,True,phi-roll,500,0,112,5.003356753092432e-08,2.6554418727557502e-08,3.6641509897967895e-09,6.407800570649779,0.0
TT,256,512,1024,0.0,value,hann,True,phi-roll,500,0,113,3.970660234254273e-08,2.6047563481877278e-08,3.2818909250980577e-09,4.161941750168721,0.002
TT,256,512,1024,0.0,value,hann,True,phi-roll,500,0,114,3.860206649174325e-08,2.5934274630421622e-08,3.380599762385435e-09,3.7472024941464586,0.002
TT,256,512,1024,0.0,value,hann,True,phi-roll,500,0,115,3.3321166338471644e-08,2.486519025943481e-08,3.2482568656257424e-09,2.6032350361577334,0.018
TT,256,512,1024,0.0,value,hann,True,phi-roll,500,0,116,3.5239130913104466e-08,2.5156773006677103e-08,3.2237260044475557e-09,3.127548027505259,0.004
TT,256,512,1024,0.0,value,hann,True,phi-roll,500,0,117,4.0031531723258124e-08,2.5466220665287813e-08,3.4546086136353456e-09,4.2161971693351905,0.0
TT,256,512,1024,0.0,value,hann,True,phi-roll,500,0,118,4.453492513915358e-08,2.6056887242868248e-08,3.3957386749916365e-09,5.44153707479591,0.0
TT,256,512,1024,0.0,value,hann,True,phi-roll,500,0,119,4.228284210592627e-08,2.5029402006299944e-08,3.184664897094174e-09,5.417662660636324,0.0
TT,256,512,1024,0.0,value,hann,True,phi-roll,500,0,120,3.7848012143733e-08,2.4275631892916745e-08,2.831195486250976e-09,4.793868991642321,0.0
TT,256,512,1024,0.0,value,hann,True,phi-roll,500,0,121,4.482781130993657e-08,2.519287889622273e-08,3.240401891245176e-09,6.059412712590659,0.0
TT,256,512,1024,0.0,value,hann,True,phi-roll,500,0,122,4.2116198936404666e-08,2.5461126450514818e-08,3.3119594346963195e-09,5.028767052944592,0.0
TT,256,512,1024,0.0,value,hann,True,phi-roll,500,0,123,3.837908880459727e-08,2.6607277118375644e-08,3.7062563835440797e-09,3.1762000433885036,0.002
TT,256,512,1024,0.0,value,hann,True,phi-roll,500,0,124,4.2637380734477755e-08,2.768371677090142e-08,3.6940839953598846e-09,4.0480032349994035,0.0
TT,256,512,1024,0.0,value,hann,True,phi-roll,500,0,125,3.840958189208473e-08,2.5509204236482605e-08,3.1421716540101756e-09,4.105561081979117,0.002
TT,256,512,1024,0.0,value,hann,True,phi-roll,500,0,126,3.7528902241514246e-08,2.443844780292277e-08,3.123092210374475e-09,4.191504303045174,0.002
TT,256,512,1024,0.0,value,hann,True,phi-roll,500,0,127,3.80099419934412e-08,2.3980519040682523e-08,3.081325512025729e-09,4.5530479976896165,0.0
TT,256,512,1024,0.0,value,hann,True,phi-roll,500,0,128,3.979947954027261e-08,2.524167177352924e-08,3.273767704220745e-09,4.446805357623431,0.0
TT,256,512,1024,0.0,value,hann,True,phi-roll,500,0,129,2.8502786120973065e-08,2.5458430125892287e-08,3.4360271308059113e-09,0.8860104647563515,0.174
TT,256,512,1024,0.0,value,hann,True,phi-roll,500,0,130,2.925905431318052e-08,2.6291510748417144e-08,3.572881079534844e-09,0.8305744016393973,0.188
TT,256,512,1024,0.0,value,hann,True,phi-roll,500,0,131,3.26103865055926e-08,2.5585601148445906e-08,3.5385091208635474e-09,1.9852387311163255,0.038
TT,256,512,1024,0.0,value,hann,True,phi-roll,500,0,132,3.244323199652974e-08,2.371999035806843e-08,2.8941773514791917e-09,3.014066029506771,0.002
TT,256,512,1024,0.0,value,hann,True,phi-roll,500,0,133,3.114207434882083e-08,2.4096646866915643e-08,3.1826907762580744e-09,2.213670122923025,0.034
TT,256,512,1024,0.0,value,hann,True,phi-roll,500,0,134,3.7379577385604565e-08,2.436408735517265e-08,3.170515416268243e-09,4.105165350607692,0.0
TT,256,512,1024,0.0,value,hann,True,phi-roll,500,0,135,3.0171147652789886e-08,2.338532418356385e-08,3.216127448455263e-09,2.10993611975338,0.036
TT,256,512,1024,0.0,value,hann,True,phi-roll,500,0,136,2.7964909943924097e-08,2.229822515703036e-08,2.9225134636001156e-09,1.938976452109547,0.044
TT,256,512,1024,0.0,value,hann,True,phi-roll,500,0,137,3.093627795261363e-08,2.280893093786977e-08,2.971118775323418e-09,2.735450054116119,0.016
TT,256,512,1024,0.0,value,hann,True,phi-roll,500,0,138,3.27846035631737e-08,2.3894010130953185e-08,3.1910972084413837e-09,2.786061611881424,0.012
TT,256,512,1024,0.0,value,hann,True,phi-roll,500,0,139,3.203799048041426e-08,2.350210529134758e-08,3.0035554153734727e-09,2.8419269860567216,0.008
TT,256,512,1024,0.0,value,hann,True,phi-roll,500,0,140,3.1113454454567253e-08,2.1930428641349365e-08,2.755639958026933e-09,3.3324476176463307,0.004
TT,256,512,1024,0.0,value,hann,True,phi-roll,500,0,141,3.31419677952074e-08,2.1606062301188685e-08,2.7557535524248763e-09,4.186116528405779,0.0
TT,256,512,1024,0.0,value,hann,True,phi-roll,500,0,142,3.365317285937483e-08,2.203715179273243e-08,2.8022600635996146e-09,4.145233062958889,0.0
TT,256,512,1024,0.0,value,hann,True,phi-roll,500,0,143,3.272380060165647e-08,2.2479190087450722e-08,2.8075114077207144e-09,3.649000494186009,0.0
TT,256,512,1024,0.0,value,hann,True,phi-roll,500,0,144,2.7938586274799273e-08,2.166868067643903e-08,2.7210316783905564e-09,2.304238369642497,0.028
TT,256,512,1024,0.0,value,hann,True,phi-roll,500,0,145,2.7096680813073363e-08,2.1224514430754337e-08,2.751693450344452e-09,2.13401910070468,0.034
TT,256,512,1024,0.0,value,hann,True,phi-roll,500,0,146,2.7063969179215e-08,2.1468087770521767e-08,2.782443002615262e-09,2.01113963643948,0.04
TT,256,512,1024,0.0,value,hann,True,phi-roll,500,0,147,2.8996885722103616e-08,2.207836946808363e-08,2.945788198510521e-09,2.3486129306642596,0.016
TT,256,512,1024,0.0,value,hann,True,phi-roll,500,0,148,2.6883296414209883e-08,2.195999486897807e-08,2.8215870141858525e-09,1.7448696497677902,0.038
TT,256,512,1024,0.0,value,hann,True,phi-roll,500,0,149,2.9699776025296145e-08,2.1847420656527394e-08,2.771212569814686e-09,2.8335449450180024,0.004
TT,256,512,1024,0.0,value,hann,True,phi-roll,500,0,150,2.8801764825313447e-08,2.204576327389882e-08,2.916930297180814e-09,2.3161340392481238,0.026
TT,256,512,1024,0.0,value,hann,True,phi-roll,500,0,151,3.11546573179358e-08,2.088910638532715e-08,2.6779570569938274e-09,3.8333515863515624,0.006
TT,256,512,1024,0.0,value,hann,True,phi-roll,500,0,152,2.8068629025768068e-08,2.1184652842432608e-08,2.6756871755975923e-09,2.572788121914133,0.016
TT,256,512,1024,0.0,value,hann,True,phi-roll,500,0,153,2.768888740995852e-08,2.1123582274994094e-08,2.656055006453515e-09,2.4718257411885154,0.026
TT,256,512,1024,0.0,value,hann,True,phi-roll,500,0,154,2.8148559131919222e-08,2.132606959273068e-08,2.677864765889041e-09,2.5477349065920807,0.018
TT,256,512,1024,0.0,value,hann,True,phi-roll,500,0,155,2.87253097387234e-08,2.0376856203918485e-08,2.57377549271664e-09,3.2436603574902554,0.006
TT,256,512,1024,0.0,value,hann,True,phi-roll,500,0,156,2.6438808627471708e-08,2.005938903643689e-08,2.5315266757740595e-09,2.5199890848806477,0.022
TT,256,512,1024,0.0,value,hann,True,phi-roll,500,0,157,2.8725722300437967e-08,2.0646289279415914e-08,2.822666940829974e-09,2.862340187626381,0.006
TT,256,512,1024,0.0,value,hann,True,phi-roll,500,0,158,2.7796177939086258e-08,1.9949147737274904e-08,2.613233561616436e-09,3.0028047691831694,0.006
TT,256,512,1024,0.0,value,hann,True,phi-roll,500,0,159,2.6265676536217047e-08,1.930489992643693e-08,2.547030254451138e-09,2.7328990684800885,0.008
TT,256,512,1024,0.0,value,hann,True,phi-roll,500,0,160,2.5062933768588173e-08,1.9097642147809206e-08,2.4121146501127035e-09,2.4730547615140286,0.008
TT,256,512,1024,0.0,value,hann,True,phi-roll,500,0,161,1.9920457034748212e-08,1.8339539605513906e-08,2.1430467879329984e-09,0.7376961801002605,0.23
TT,256,512,1024,0.0,value,hann,True,phi-roll,500,0,162,2.217834464527751e-08,1.8840624547464336e-08,2.2096430854354583e-09,1.5105245366608173,0.076
TT,256,512,1024,0.0,value,hann,True,phi-roll,500,0,163,2.5550930484978947e-08,1.837428463962321e-08,2.2455318499027086e-09,3.1959670693010556,0.006
TT,256,512,1024,0.0,value,hann,True,phi-roll,500,0,164,2.2403568501386533e-08,1.863362657263066e-08,2.2443144580704284e-09,1.679774380635197,0.066
TT,256,512,1024,0.0,value,hann,True,phi-roll,500,0,165,2.3852014483645118e-08,1.8282774058841754e-08,2.2226841910803424e-09,2.505637304279569,0.018
TT,256,512,1024,0.0,value,hann,True,phi-roll,500,0,166,2.3244087493954583e-08,1.8094759335777774e-08,2.1813410745380326e-09,2.3606249468654696,0.016
TT,256,512,1024,0.0,value,hann,True,phi-roll,500,0,167,2.288051649903031e-08,1.8412907295713933e-08,2.2547531808945156e-09,1.9814182949922563,0.04
TT,256,512,1024,0.0,value,hann,True,phi-roll,500,0,168,2.1472425408030903e-08,1.7897812683373892e-08,2.111186276850836e-09,1.6931773211358232,0.052
TT,256,512,1024,0.0,value,hann,True,phi-roll,500,0,169,1.9856396658558114e-08,1.7875970791699423e-08,2.143563392547406e-09,0.9238942378583718,0.188
TT,256,512,1024,0.0,value,hann,True,phi-roll,500,0,170,1.7823217557995474e-08,1.7567937524443204e-08,2.095888795060221e-09,0.1218003713526867,0.384
TT,256,512,1024,0.0,value,hann,True,phi-roll,500,0,171,1.930880943398247e-08,1.768822808501523e-08,1.995757866729907e-09,0.8120130081824989,0.196
TT,256,512,1024,0.0,value,hann,True,phi-roll,500,0,172,2.1134624332143257e-08,1.8224925322746266e-08,2.2374456916685126e-09,1.3004557027827408,0.114
TT,256,512,1024,0.0,value,hann,True,phi-roll,500,0,173,2.1765844874739456e-08,1.727317678193758e-08,2.076175730065753e-09,2.1639151386571656,0.026
TT,256,512,1024,0.0,value,hann,True,phi-roll,500,0,174,2.0538689641320897e-08,1.7490919826640892e-08,2.1423547413752703e-09,1.4226261206038688,0.072
TT,256,512,1024,0.0,value,hann,True,phi-roll,500,0,175,1.8464617362904623e-08,1.7434489523630553e-08,2.077102108792026e-09,0.4959447274708889,0.298
TT,256,512,1024,0.0,value,hann,True,phi-roll,500,0,176,1.8440592985082124e-08,1.7241814337646414e-08,2.065494762789332e-09,0.5803832907408721,0.238
TT,256,512,1024,0.0,value,hann,True,phi-roll,500,0,177,1.9656793057834095e-08,1.762672506759842e-08,2.2320441062332163e-09,0.9095106967494502,0.17
TT,256,512,1024,0.0,value,hann,True,phi-roll,500,0,178,1.910009640760639e-08,1.68619549094497e-08,2.1101279908132997e-09,1.060666228731485,0.132
TT,256,512,1024,0.0,value,hann,True,phi-roll,500,0,179,1.7049359462565978e-08,1.720738210061164e-08,2.0853582749833226e-09,-0.07577721293331602,0.508
TT,256,512,1024,0.0,value,hann,True,phi-roll,500,0,180,1.823460976389815e-08,1.685031302668503e-08,2.0054680911665423e-09,0.6902611631222221,0.228
TT,256,512,1024,0.0,value,hann,True,phi-roll,500,0,181,1.8451430059150857e-08,1.6939291896755747e-08,2.004418639002584e-09,0.7544023653399887,0.204
TT,256,512,1024,0.0,value,hann,True,phi-roll,500,0,182,1.9254381808974384e-08,1.6746966557624206e-08,1.9458365909637935e-09,1.288605252359978,0.106
TT,256,512,1024,0.0,value,hann,True,phi-roll,500,0,183,1.7364320362526527e-08,1.6561523779389137e-08,1.9111758530380432e-09,0.4200537495601191,0.298
TT,256,512,1024,0.0,value,hann,True,phi-roll,500,0,184,1.72941205265518e-08,1.657496772656321e-08,1.9570779427341226e-09,0.36746252373776234,0.346
TT,256,512,1024,0.0,value,hann,True,phi-roll,500,0,185,1.7529623406214844e-08,1.6561753017829127e-08,1.988672749575876e-09,0.48669163319713327,0.3
TT,256,512,1024,0.0,value,hann,True,phi-roll,500,0,186,1.664962188003857e-08,1.632182012825269e-08,2.060496786431366e-09,0.1590886983879306,0.372
TT,256,512,1024,0.0,value,hann,True,phi-roll,500,0,187,1.799470432426676e-08,1.6242517216706435e-08,1.905455079937626e-09,0.9195635866775098,0.17
TT,256,512,1024,0.0,value,hann,True,phi-roll,500,0,188,1.7054190087908434e-08,1.6171459757149874e-08,2.0094267510378444e-09,0.4392946049427479,0.304
TT,256,512,1024,0.0,value,hann,True,phi-roll,500,0,189,1.8296013470804303e-08,1.6176621028616315e-08,2.031322549279964e-09,1.0433559372140293,0.144
TT,256,512,1024,0.0,value,hann,True,phi-roll,500,0,190,1.873095799472893e-08,1.6025755455609568e-08,1.9495105402737514e-09,1.387631655861423,0.086
TT,256,512,1024,0.0,value,hann,True,phi-roll,500,0,191,1.7540992726863727e-08,1.5931410054637666e-08,2.0033489240308067e-09,0.8034459963107803,0.206
TT,256,512,1024,0.0,value,hann,True,phi-roll,500,0,192,1.4835969065883471e-08,1.6178728464943738e-08,2.0445244294725226e-09,-0.6567587942232083,0.726
TT,256,512,1024,0.0,value,hann,True,phi-roll,500,0,193,1.6071889453732175e-08,1.597980798420821e-08,1.95728682143844e-09,0.047045465445015276,0.452
TT,256,512,1024,0.0,value,hann,True,phi-roll,500,0,194,1.5655146721280673e-08,1.584692444420792e-08,1.9799475162519604e-09,-0.0968600032844714,0.496
TT,256,512,1024,0.0,value,hann,True,phi-roll,500,0,195,1.541565298139642e-08,1.5526504791430192e-08,1.841102929054122e-09,-0.06020945830047841,0.47
TT,256,512,1024,0.0,value,hann,True,phi-roll,500,0,196,1.5745988156833567e-08,1.563375372797944e-08,1.8602346190549606e-09,0.060333480360205916,0.42
TT,256,512,1024,0.0,value,hann,True,phi-roll,500,0,197,1.6113887219824874e-08,1.539080656588072e-08,1.877697654625867e-09,0.3850889690162764,0.316
TT,256,512,1024,0.0,value,hann,True,phi-roll,500,0,198,1.538889125716696e-08,1.555816168116978e-08,1.947243208667395e-09,-0.08692823949744839,0.498
TT,256,512,1024,0.0,value,hann,True,phi-roll,500,0,199,1.319851641968354e-08,1.5255473552129634e-08,1.8675541882178395e-09,-1.1014176431522973,0.886
TT,256,512,1024,0.0,value,hann,True,phi-roll,500,0,200,1.3836274795617353e-08,1.5716574497805357e-08,1.9750560067386326e-09,-0.9520234847886174,0.848
TT,256,512,1024,0.0,value,hann,True,phi-roll,500,0,201,1.4059727602389307e-08,1.551193771077047e-08,2.01083840866678e-09,-0.7221913516879769,0.762
TT,256,512,1024,0.0,value,hann,True,phi-roll,500,0,202,1.5145720908993843e-08,1.5172540636516678e-08,1.9430869724687033e-09,-0.013802638740745663,0.448
TT,256,512,1024,0.0,value,hann,True,phi-roll,500,0,203,1.6781350702003214e-08,1.555615036843701e-08,1.888845197268398e-09,0.6486504745534778,0.242
TT,256,512,1024,0.0,value,hann,True,phi-roll,500,0,204,1.573210082938559e-08,1.5238535129345914e-08,1.8500409345122874e-09,0.26678636717289167,0.368
TT,256,512,1024,0.0,value,hann,True,phi-roll,500,0,205,1.7761843599324763e-08,1.5250058017991668e-08,1.8438060366299183e-09,1.362282979572027,0.088
TT,256,512,1024,0.0,value,hann,True,phi-roll,500,0,206,1.3614264855017285e-08,1.4963906783250934e-08,1.867840021221362e-09,-0.7225682675709727,0.772
TT,256,512,1024,0.0,value,hann,True,phi-roll,500,0,207,1.3187731846263387e-08,1.4960412297055826e-08,1.8830340048280285e-09,-0.9413958782726988,0.836
TT,256,512,1024,0.0,value,hann,True,phi-roll,500,0,208,1.4050512359645585e-08,1.4760497033692941e-08,1.781934513959754e-09,-0.3984347732676511,0.632
TT,256,512,1024,0.0,value,hann,True,phi-roll,500,0,209,1.237832098718879e-08,1.4715616129648473e-08,1.894925981562388e-09,-1.2334493089448049,0.918
TT,256,512,1024,0.0,value,hann,True,phi-roll,500,0,210,1.1146618650573845e-08,1.5257426212343572e-08,1.9451561023638873e-09,-2.1133561243614283,0.992
TT,256,512,1024,0.0,value,hann,True,phi-roll,500,0,211,1.2145145841098744e-08,1.456152563722078e-08,1.802911451757393e-09,-1.3402653767419705,0.93
TT,256,512,1024,0.0,value,hann,True,phi-roll,500,0,212,1.2289233219143352e-08,1.4177846222447609e-08,1.6835842621679211e-09,-1.1217810986616878,0.886
TT,256,512,1024,0.0,value,hann,True,phi-roll,500,0,213,1.145479659146133e-08,1.4353461878703594e-08,1.8977413252369154e-09,-1.5274290803992445,0.974
TT,256,512,1024,0.0,value,hann,True,phi-roll,500,0,214,1.1982304505127215e-08,1.4098951499807448e-08,1.8224192204656535e-09,-1.16144900740204,0.896
TT,256,512,1024,0.0,value,hann,True,phi-roll,500,0,215,1.1363390980412505e-08,1.4651215505614191e-08,1.911378225767767e-09,-1.7201328763076316,0.984
TT,256,512,1024,0.0,value,hann,True,phi-roll,500,0,216,1.0459837098089837e-08,1.3877706770402395e-08,1.6638693541423749e-09,-2.054169495822144,0.996
TT,256,512,1024,0.0,value,hann,True,phi-roll,500,0,217,1.0680376892192842e-08,1.405699644065662e-08,1.754862339149406e-09,-1.9241506716136203,0.99
TT,256,512,1024,0.0,value,hann,True,phi-roll,500,0,218,1.0460581128735349e-08,1.4548845534633841e-08,1.8736283324202673e-09,-2.1820039413139423,0.998
TT,256,512,1024,0.0,value,hann,True,phi-roll,500,0,219,1.0883764215236486e-08,1.4253705387729924e-08,1.7838185161325286e-09,-1.8891726607927355,0.994
TT,256,512,1024,0.0,value,hann,True,phi-roll,500,0,220,1.187423293529129e-08,1.4633429529467789e-08,1.8684309210741746e-09,-1.4767453070141963,0.954
TT,256,512,1024,0.0,value,hann,True,phi-roll,500,0,221,1.1907040143243063e-08,1.4087908663986701e-08,1.7492578669882034e-09,-1.246739295503963,0.908
TT,256,512,1024,0.0,value,hann,True,phi-roll,500,0,222,1.1447494944006067e-08,1.3900254920424003e-08,1.7533357152752662e-09,-1.3989106336277781,0.95
TT,256,512,1024,0.0,value,hann,True,phi-roll,500,0,223,1.0569198934083027e-08,1.377763038783178e-08,1.7484727687962181e-09,-1.8349908051228514,0.992
TT,256,512,1024,0.0,value,hann,True,phi-roll,500,0,224,1.1099822743751816e-08,1.3824391730884432e-08,1.683784943405227e-09,-1.6181217190495507,0.966
TT,256,512,1024,0.0,value,hann,True,phi-roll,500,0,225,1.0374621102757212e-08,1.3722547414210534e-08,1.7800319065498507e-09,-1.8808237645259096,0.996
TT,256,512,1024,0.0,value,hann,True,phi-roll,500,0,226,1.1224200084254716e-08,1.3546263647823838e-08,1.6727047590212184e-09,-1.3882088581656669,0.948
TT,256,512,1024,0.0,value,hann,True,phi-roll,500,0,227,1.1350715497573248e-08,1.3725633512625018e-08,1.7063216013165016e-09,-1.391834934996672,0.95
TT,256,512,1024,0.0,value,hann,True,phi-roll,500,0,228,1.1448170189231816e-08,1.3384946823935937e-08,1.5182496655249318e-09,-1.275664127371623,0.92
TT,256,512,1024,0.0,value,hann,True,phi-roll,500,0,229,1.0392783110860987e-08,1.3214123744926971e-08,1.5366322022433978e-09,-1.8360546069169863,0.986
TT,256,512,1024,0.0,value,hann,True,phi-roll,500,0,230,1.0589653273113523e-08,1.339782751541102e-08,1.6718012010033938e-09,-1.6797297672785896,0.978
TT,256,512,1024,0.0,value,hann,True,phi-roll,500,0,231,1.0509849265557547e-08,1.3064973834284957e-08,1.5526903536750332e-09,-1.6456111565836256,0.972
TT,256,512,1024,0.0,value,hann,True,phi-roll,500,0,232,1.015999610745157e-08,1.306624682657909e-08,1.4626501412957845e-09,-1.9869759945141952,0.992
TT,256,512,1024,0.0,value,hann,True,phi-roll,500,0,233,9.74748168890098e-09,1.2653083283940031e-08,1.4648851335819037e-09,-1.9835013192702282,0.994
TT,256,512,1024,0.0,value,hann,True,phi-roll,500,0,234,1.0652041020223621e-08,1.2915057400088591e-08,1.5719087333275945e-09,-1.4396614331891653,0.952
TT,256,512,1024,0.0,value,hann,True,phi-roll,500,0,235,1.0162689138157517e-08,1.2970126684664269e-08,1.6006415460322374e-09,-1.7539451937043553,0.982
TT,256,512,1024,0.0,value,hann,True,phi-roll,500,0,236,9.112093983292987e-09,1.2700064042230224e-08,1.5572003776682366e-09,-2.3041158417325134,0.996
TT,256,512,1024,0.0,value,hann,True,phi-roll,500,0,237,8.240474564138232e-09,1.2796375279866622e-08,1.5474454097532664e-09,-2.94414309352264,1.0
TT,256,512,1024,0.0,value,hann,True,phi-roll,500,0,238,7.1143815262221615e-09,1.2644805226059628e-08,1.6520631254676082e-09,-3.3475861875871766,1.0
TT,256,512,1024,0.0,value,hann,True,phi-roll,500,0,239,8.569828664495512e-09,1.2897234525456751e-08,1.6710591490732355e-09,-2.589618604081852,1.0
TT,256,512,1024,0.0,value,hann,True,phi-roll,500,0,240,9.822956515360622e-09,1.266430967107236e-08,1.5326329031857215e-09,-1.8539032731228193,0.99
TT,256,512,1024,0.0,value,hann,True,phi-roll,500,0,241,9.675081184989168e-09,1.2451074112403225e-08,1.4361745081311956e-09,-1.932907812871768,0.986
TT,256,512,1024,0.0,value,hann,True,phi-roll,500,0,242,8.472410823880241e-09,1.2700106305907855e-08,1.5178453569161657e-09,-2.7853268864076512,1.0
TT,256,512,1024,0.0,value,hann,True,phi-roll,500,0,243,8.249777432544632e-09,1.2432832845862568e-08,1.657085124316334e-09,-2.524345522106926,1.0
TT,256,512,1024,0.0,value,hann,True,phi-roll,500,0,244,7.973744589021113e-09,1.2464506069920296e-08,1.5029614852023168e-09,-2.9879418236021342,1.0
TT,256,512,1024,0.0,value,hann,True,phi-roll,500,0,245,7.644800203768032e-09,1.2645820461794807e-08,1.5289265762358436e-09,-3.2709355280742707,1.0
TT,256,512,1024,0.0,value,hann,True,phi-roll,500,0,246,6.602065265295846e-09,1.2470429400090459e-08,1.555259394009343e-09,-3.773238186117884,1.0
TT,256,512,1024,0.0,value,hann,True,phi-roll,500,0,247,6.202098008350175e-09,1.2621587993278102e-08,1.5883808646715591e-09,-4.041530672969502,1.0
TT,256,512,1024,0.0,value,hann,True,phi-roll,500,0,248,7.001371868020396e-09,1.253544367886118e-08,1.5821429426336036e-09,-3.4978330097209027,1.0
TT,256,512,1024,0.0,value,hann,True,phi-roll,500,0,249,7.5512007101799e-09,1.2507579116136436e-08,1.513222865863378e-09,-3.275379005807347,1.0
TT,256,512,1024,0.0,value,hann,True,phi-roll,500,0,250,7.305518754723145e-09,1.205343405696376e-08,1.5125174759586017e-09,-3.139081285147787,1.0
TT,256,512,1024,0.0,value,hann,True,phi-roll,500,0,251,8.021596578592004e-09,1.244418337968251e-08,1.5951874265032806e-09,-2.7724559055640285,1.0
TT,256,512,1024,0.0,value,hann,True,phi-roll,500,0,252,7.982299248879172e-09,1.2601029142140557e-08,1.5761147128488273e-09,-2.930452876055595,1.0
TT,256,512,1024,0.0,value,hann,True,phi-roll,500,0,253,7.202478555538099e-09,1.2154757573750623e-08,1.3855006712284605e-09,-3.57436060555753,1.0
TT,256,512,1024,0.0,value,hann,True,phi-roll,500,0,254,7.69658323057671e-09,1.1866430434912359e-08,1.4146778534360763e-09,-2.947559540999111,1.0
TT,256,512,1024,0.0,value,hann,True,phi-roll,500,0,255,6.9288191382744276e-09,1.16862330901122e-08,1.4240131947125305e-09,-3.3408496280107607,1.0
TT,256,512,1024,0.0,value,hann,True,phi-roll,500,0,256,6.503785548423227e-09,1.1794657035287797e-08,1.4584538165277157e-09,-3.6277264503726743,1.0
TT,256,512,1024,0.0,value,hann,True,phi-roll,500,0,257,6.88248987373138e-09,1.1596802746196869e-08,1.4921239696181452e-09,-3.1594646078046353,1.0
TT,256,512,1024,0.0,value,hann,True,phi-roll,500,0,258,6.787370684775398e-09,1.1951650073407436e-08,1.4833000376972694e-09,-3.481614816547338,1.0
TT,256,512,1024,0.0,value,hann,True,phi-roll,500,0,259,6.094537050493466e-09,1.174088074557075e-08,1.4446576526758252e-09,-3.9084302669348743,1.0
TT,256,512,1024,0.0,value,hann,True,phi-roll,500,0,260,6.462451992132259e-09,1.1511663541722288e-08,1.3635754137469458e-09,-3.7029206442754687,1.0
TT,256,512,1024,0.0,value,hann,True,phi-roll,500,0,261,6.496034264263525e-09,1.1743160423230518e-08,1.384268756021808e-09,-3.790540049496233,1.0
TT,256,512,1024,0.0,value,hann,True,phi-roll,500,0,262,6.617161580518727e-09,1.1417427091328385e-08,1.3580428612221878e-09,-3.5346936741669546,1.0
TT,256,512,1024,0.0,value,hann,True,phi-roll,500,0,263,6.285738611082173e-09,1.1542275898654318e-08,1.3659240536946403e-09,-3.848337887713391,1.0
TT,256,512,1024,0.0,value,hann,True,phi-roll,500,0,264,5.180144326620653e-09,1.1398609435477348e-08,1.4107432532909919e-09,-4.407935387498905,1.0
TT,256,512,1024,0.0,value,hann,True,phi-roll,500,0,265,5.187642594686157e-09,1.1412375944932233e-08,1.3317494506367972e-09,-4.674102435161224,1.0
TT,256,512,1024,0.0,value,hann,True,phi-roll,500,0,266,5.424231452729702e-09,1.15523645158323e-08,1.3913385461547424e-09,-4.4044873765906845,1.0
TT,256,512,1024,0.0,value,hann,True,phi-roll,500,0,267,5.513530795236711e-09,1.1041890840729444e-08,1.3055705923868322e-09,-4.234439775015027,1.0
TT,256,512,1024,0.0,value,hann,True,phi-roll,500,0,268,5.36668291534319e-09,1.1241005836920364e-08,1.3986779427011557e-09,-4.199911031865248,1.0
TT,256,512,1024,0.0,value,hann,True,phi-roll,500,0,269,5.436621180845388e-09,1.1355658011662387e-08,1.426894815548791e-09,-4.148194223090304,1.0
TT,256,512,1024,0.0,value,hann,True,phi-roll,500,0,270,5.396591625079162e-09,1.1227839189112281e-08,1.3679162799221554e-09,-4.262868751269602,1.0
TT,256,512,1024,0.0,value,hann,True,phi-roll,500,0,271,5.736960146121739e-09,1.116684136313959e-08,1.3867515488049997e-09,-3.9155400415430743,1.0
TT,256,512,1024,0.0,value,hann,True,phi-roll,500,0,272,5.1357771532225606e-09,1.0918260446408422e-08,1.3048808445861695e-09,-4.431426300092343,1.0
TT,256,512,1024,0.0,value,hann,True,phi-roll,500,0,273,4.889708508308026e-09,1.1238157143910742e-08,1.4260929848710973e-09,-4.451637237509127,1.0
TT,256,512,1024,0.0,value,hann,True,phi-roll,500,0,274,4.98199443268091e-09,1.1104352905766236e-08,1.4454657637215421e-09,-4.235561039731932,1.0
TT,256,512,1024,0.0,value,hann,True,phi-roll,500,0,275,4.9998423841160125e-09,1.092722925118858e-08,1.3670586935468903e-09,-4.3358686024619155,1.0
TT,256,512,1024,0.0,value,hann,True,phi-roll,500,0,276,4.7470363689791945e-09,1.0976336609099728e-08,1.4994345325386146e-09,-4.154432957852471,1.0
TT,256,512,1024,0.0,value,hann,True,phi-roll,500,0,277,4.225700954525786e-09,1.0807281320463518e-08,1.3341364213883686e-09,-4.9332139205738885,1.0
TT,256,512,1024,0.0,value,hann,True,phi-roll,500,0,278,4.128301322879068e-09,1.113545517726711e-08,1.4508313931277025e-09,-4.8297506433756014,1.0
TT,256,512,1024,0.0,value,hann,True,phi-roll,500,0,279,4.195267416882043e-09,1.0937439965011178e-08,1.4619535656137438e-09,-4.61175560339955,1.0
TT,256,512,1024,0.0,value,hann,True,phi-roll,500,0,280,3.953260865020833e-09,1.0633783880572297e-08,1.3180108838794472e-09,-5.068640249682872,1.0
TT,256,512,1024,0.0,value,hann,True,phi-roll,500,0,281,3.513092575918019e-09,1.0897237943680663e-08,1.4038290302662108e-09,-5.260003325591845,1.0
TT,256,512,1024,0.0,value,hann,True,phi-roll,500,0,282,4.241818761328159e-09,1.061312132570338e-08,1.2519102323976515e-09,-5.089264708838538,1.0
TT,256,512,1024,0.0,value,hann,True,phi-roll,500,0,283,4.3722049788121e-09,1.0766224619650957e-08,1.3603769508398638e-09,-4.700182281750175,1.0
TT,256,512,1024,0.0,value,hann,True,phi-roll,500,0,284,3.831802152723293e-09,1.039081860450939e-08,1.3082630005462179e-09,-5.013530497344661,1.0
TT,256,512,1024,0.0,value,hann,True,phi-roll,500,0,285,4.118670944817302e-09,1.049739577900701e-08,1.2912937468524553e-09,-4.939793791875729,1.0
TT,256,512,1024,0.0,value,hann,True,phi-roll,500,0,286,3.665997879382763e-09,1.0498370053258414e-08,1.277047979151563e-09,-5.3501295843362895,1.0
TT,256,512,1024,0.0,value,hann,True,phi-roll,500,0,287,3.5989553748315446e-09,1.0376438779308347e-08,1.2748542246293442e-09,-5.316281088096416,1.0
TT,256,512,1024,0.0,value,hann,True,phi-roll,500,0,288,3.7170108671081076e-09,1.0390858780042476e-08,1.3373976237615932e-09,-4.990174794959902,1.0
TT,256,512,1024,0.0,value,hann,True,phi-roll,500,0,289,3.749285705066936e-09,1.0299100008964026e-08,1.2548666985189898e-09,-5.219529940213784,1.0
TT,256,512,1024,0.0,value,hann,True,phi-roll,500,0,290,3.55301620654117e-09,1.0430017654242629e-08,1.1800924531615449e-09,-5.8275107422960994,1.0
TT,256,512,1024,0.0,value,hann,True,phi-roll,500,0,291,3.472860176197185e-09,1.028050231657113e-08,1.1906109848384643e-09,-5.717771990233712,1.0
TT,256,512,1024,0.0,value,hann,True,phi-roll,500,0,292,3.54438818085407e-09,1.0234051966161936e-08,1.2572696834806006e-09,-5.320786680219897,1.0
TT,256,512,1024,0.0,value,hann,True,phi-roll,500,0,293,3.3597136347687967e-09,1.016974088327212e-08,1.329880921415365e-09,-5.120779717070872,1.0
TT,256,512,1024,0.0,value,hann,True,phi-roll,500,0,294,3.4493865337800457e-09,1.0199399307235454e-08,1.2517772471412633e-09,-5.392343397254343,1.0
TT,256,512,1024,0.0,value,hann,True,phi-roll,500,0,295,3.580464713834663e-09,1.0130689151415433e-08,1.2757028224354908e-09,-5.134600568708861,1.0
TT,256,512,1024,0.0,value,hann,True,phi-roll,500,0,296,3.1455121282246156e-09,1.0100320545448444e-08,1.2376631950282039e-09,-5.619306161128385,1.0
TT,256,512,1024,0.0,value,hann,True,phi-roll,500,0,297,3.0391895618224855e-09,1.0088870493288015e-08,1.2249761471004115e-09,-5.7549536357524405,1.0
TT,256,512,1024,0.0,value,hann,True,phi-roll,500,0,298,2.9350985170528807e-09,9.951250641634898e-09,1.24018819170247e-09,-5.657328598614203,1.0
TT,256,512,1024,0.0,value,hann,True,phi-roll,500,0,299,3.2007012222381398e-09,1.0052667567114792e-08,1.2049570259832874e-09,-5.6864819218637335,1.0
TT,256,512,1024,0.0,value,hann,True,phi-roll,500,0,300,3.4471214963257473e-09,1.0049627861574065e-08,1.1748954754935966e-09,-5.619654261137124,1.0
TT,256,512,1024,0.0,value,hann,True,phi-roll,500,0,301,3.0091882665052984e-09,9.754563842319531e-09,1.2041530122369805e-09,-5.601759500051581,1.0
TT,256,512,1024,0.0,value,hann,True,phi-roll,500,0,302,2.9365693766017924e-09,1.0080745543964172e-08,1.2651675544886387e-09,-5.646822147798398,1.0
TT,256,512,1024,0.0,value,hann,True,phi-roll,500,0,303,2.6933185920142457e-09,9.704180542440738e-09,1.1397798563062386e-09,-6.151066727172267,1.0
TT,256,512,1024,0.0,value,hann,True,phi-roll,500,0,304,2.550001109493006e-09,1.0025378978156932e-08,1.2135619798078547e-09,-6.159864920823834,1.0
TT,256,512,1024,0.0,value,hann,True,phi-roll,500,0,305,2.466057481305642e-09,9.653038567053899e-09,1.2511401795546814e-09,-5.744345200636367,1.0
TT,256,512,1024,0.0,value,hann,True,phi-roll,500,0,306,2.4734084794696013e-09,9.725505902821932e-09,1.2427486088494332e-09,-5.835530510121832,1.0
TT,256,512,1024,0.0,value,hann,True,phi-roll,500,0,307,2.5080910862059565e-09,9.897618221230465e-09,1.2440470367136297e-09,-5.939909759799156,1.0
TT,256,512,1024,0.0,value,hann,True,phi-roll,500,0,308,2.7963700968834688e-09,9.482849823026129e-09,1.1759782322629696e-09,-5.6858873257166245,1.0
TT,256,512,1024,0.0,value,hann,True,phi-roll,500,0,309,2.6620900778995918e-09,9.574623610498038e-09,1.1015018046837763e-09,-6.2755535244746365,1.0
TT,256,512,1024,0.0,value,hann,True,phi-roll,500,0,310,2.6781412161482828e-09,9.398752825527274e-09,1.1129330012330714e-09,-6.038648869188807,1.0
TT,256,512,1024,0.0,value,hann,True,phi-roll,500,0,311,2.4580357486304067e-09,9.680892068067124e-09,1.2032057576543358e-09,-6.003010103207753,1.0
TT,256,512,1024,0.0,value,hann,True,phi-roll,500,0,312,2.6011597216183066e-09,9.86590180473845e-09,1.2280478140821534e-09,-5.915683412172216,1.0
TT,256,512,1024,0.0,value,hann,True,phi-roll,500,0,313,2.5656526284848877e-09,9.354559618975709e-09,1.1529902343052008e-09,-5.888087156767516,1.0
TT,256,512,1024,0.0,value,hann,True,phi-roll,500,0,314,2.360178849108666e-09,9.600878883661082e-09,1.2062700648362505e-09,-6.002553031551298,1.0
TT,256,512,1024,0.0,value,hann,True,phi-roll,500,0,315,2.605818895756748e-09,9.353496061518152e-09,1.1775974934830557e-09,-5.730036963481781,1.0
TT,256,512,1024,0.0,value,hann,True,phi-roll,500,0,316,2.315928861038649e-09,9.594172555148507e-09,1.2561135130208605e-09,-5.794256345993936,1.0
TT,256,512,1024,0.0,value,hann,True,phi-roll,500,0,317,2.237150834171904e-09,9.64194766789163e-09,1.3008994996510286e-09,-5.692059098882037,1.0
TT,256,512,1024,0.0,value,hann,True,phi-roll,500,0,318,2.0649537282322954e-09,9.119085660818909e-09,1.1360567462699691e-09,-6.209313008128813,1.0
TT,256,512,1024,0.0,value,hann,True,phi-roll,500,0,319,2.3919589599010415e-09,9.496668929632833e-09,1.168676684582088e-09,-6.07927758246704,1.0
TT,256,512,1024,0.0,value,hann,True,phi-roll,500,0,320,2.4981930676819805e-09,9.168115143040153e-09,1.113545978657933e-09,-5.989803926549032,1.0
TT,256,512,1024,0.0,value,hann,True,phi-roll,500,0,321,2.4049108274928576e-09,9.401488925637255e-09,1.1303992568539721e-09,-6.189475139621605,1.0
TT,256,512,1024,0.0,value,hann,True,phi-roll,500,0,322,2.2928199495616074e-09,9.016664895640081e-09,1.0954413032700574e-09,-6.138023941590283,1.0
TT,256,512,1024,0.0,value,hann,True,phi-roll,500,0,323,2.3820294090091385e-09,9.202859377592254e-09,1.2127637228683473e-09,-5.624203494849719,1.0
TT,256,512,1024,0.0,value,hann,True,phi-roll,500,0,324,2.4481038651944677e-09,9.427988404206542e-09,1.1445000777733316e-09,-6.098631773439199,1.0
TT,256,512,1024,0.0,value,hann,True,phi-roll,500,0,325,2.207811574443231e-09,9.063133809045559e-09,1.1742183532054316e-09,-5.83820054923207,1.0
TT,256,512,1024,0.0,value,hann,True,phi-roll,500,0,326,2.2292955323811485e-09,9.045242059595865e-09,1.0984066539105715e-09,-6.205303384633035,1.0
TT,256,512,1024,0.0,value,hann,True,phi-roll,500,0,327,1.902914003576305e-09,9.076626486237496e-09,1.115960094027352e-09,-6.428287643129077,1.0
TT,256,512,1024,0.0,value,hann,True,phi-roll,500,0,328,1.6948595801924784e-09,9.025782183843701e-09,1.0856704869579934e-09,-6.75243795582229,1.0
TT,256,512,1024,0.0,value,hann,True,phi-roll,500,0,329,1.6357414715737135e-09,9.209661985856579e-09,1.1070284442133312e-09,-6.841667487292967,1.0
TT,256,512,1024,0.0,value,hann,True,phi-roll,500,0,330,1.7228971740948074e-09,8.780764818082814e-09,1.0795438613593557e-09,-6.537823887119119,1.0
TT,256,512,1024,0.0,value,hann,True,phi-roll,500,0,331,1.9405613279547613e-09,8.940587235335044e-09,1.0414133914925653e-09,-6.721659203313842,1.0
TT,256,512,1024,0.0,value,hann,True,phi-roll,500,0,332,2.152215209791494e-09,9.001274059117968e-09,1.0709238522752697e-09,-6.395467646719289,1.0
TT,256,512,1024,0.0,value,hann,True,phi-roll,500,0,333,1.963660542475949e-09,9.10971667153393e-09,1.160803968991499e-09,-6.156126546729885,1.0
TT,256,512,1024,0.0,value,hann,True,phi-roll,500,0,334,1.8490443552206772e-09,9.057273381451907e-09,1.1591081914628312e-09,-6.218771534289837,1.0
TT,256,512,1024,0.0,value,hann,True,phi-roll,500,0,335,1.7625944648723012e-09,8.74566493971419e-09,1.09045014981554e-09,-6.4038420060037975,1.0
TT,256,512,1024,0.0,value,hann,True,phi-roll,500,0,336,1.7851252761833337e-09,8.977426809224833e-09,1.1619014684098115e-09,-6.190113127996082,1.0
TT,256,512,1024,0.0,value,hann,True,phi-roll,500,0,337,1.8839359622317116e-09,8.827509822525838e-09,1.1099607714637973e-09,-6.255693028805927,1.0
TT,256,512,1024,0.0,value,hann,True,phi-roll,500,0,338,1.6704353830063987e-09,8.763097103435162e-09,1.1649943145698268e-09,-6.0881513598182,1.0
TT,256,512,1024,0.0,value,hann,True,phi-roll,500,0,339,1.5543021593532548e-09,8.737733393074071e-09,1.1914462439965794e-09,-6.029169398045825,1.0
TT,256,512,1024,0.0,value,hann,True,phi-roll,500,0,340,1.476863552661011e-09,8.73369136564441e-09,1.0817312356220323e-09,-6.708531263600311,1.0
TT,256,512,1024,0.0,value,hann,True,phi-roll,500,0,341,1.4154169128546023e-09,8.866487884525583e-09,1.1323283034047772e-09,-6.58030974697576,1.0
TT,256,512,1024,0.0,value,hann,True,phi-roll,500,0,342,1.4849266078997387e-09,8.615484293172051e-09,1.0922101991399038e-09,-6.52855804760613,1.0
TT,256,512,1024,0.0,value,hann,True,phi-roll,500,0,343,1.3851851583083058e-09,8.714436288179876e-09,1.1393265306692124e-09,-6.432968014504629,1.0
TT,256,512,1024,0.0,value,hann,True,phi-roll,500,0,344,1.3979946868230634e-09,8.526639613188295e-09,1.062910300057154e-09,-6.706722971808548,1.0
TT,256,512,1024,0.0,value,hann,True,phi-roll,500,0,345,1.2994679736618056e-09,8.574142452610426e-09,1.0312933050105023e-09,-7.053933583787337,1.0
TT,256,512,1024,0.0,value,hann,True,phi-roll,500,0,346,1.3530576830132398e-09,8.68009861414928e-09,1.024101240909994e-09,-7.15460604717693,1.0
TT,256,512,1024,0.0,value,hann,True,phi-roll,500,0,347,1.408718628941548e-09,8.491065170662659e-09,1.0232540836115172e-09,-6.921395824509559,1.0
TT,256,512,1024,0.0,value,hann,True,phi-roll,500,0,348,1.2859740571486869e-09,8.468138618834904e-09,1.0750990652001316e-09,-6.6804676835517895,1.0
TT,256,512,1024,0.0,value,hann,True,phi-roll,500,0,349,1.2315267899005859e-09,8.364032819478385e-09,1.0605698426094696e-09,-6.725163910024717,1.0
TT,256,512,1024,0.0,value,hann,True,phi-roll,500,0,350,1.4189319423545272e-09,8.541740321202766e-09,1.050623227915092e-09,-6.779602991438794,1.0
