k_bin,power,is_prime_mod24_hit
1,251571.6277692783,1
2,110377.19521084307,1
3,64501.32079157012,1
4,40209.80024513269,1
5,27033.792550300957,1
6,20777.137828044197,1
7,16643.75005719705,1
8,12930.296917536587,1
9,9648.13241254252,0
10,7741.561412128883,0
11,6728.029747142264,1
12,5929.386443894327,1
13,4508.920785354022,1
14,4395.824163624881,1
15,3662.908121740687,1
16,3333.5178893892967,1
17,3002.4293311197525,0
18,2726.2744170734277,0
19,2551.454071423188,0
20,2385.772811343569,0
21,2052.8376976507493,1
22,2019.514990101317,1
23,1678.369051807363,1
24,1628.1214893162185,0
25,1546.1155118606134,0
26,1378.191139820041,0
27,1228.094317472524,0
28,1134.2626625969083,0
29,1085.683619892565,0
30,1052.0414409368298,0
31,927.2671776759007,0
32,908.6726917507585,0
33,858.1687120272943,0
34,838.4064743312659,1
35,779.8919973260741,1
36,743.4460678667768,1
37,669.8887999605597,0
38,653.2106437992777,0
39,649.510811792973,1
40,639.319223215835,1
41,531.2205234137334,1
42,581.7922662562069,0
43,551.3122114214235,0
44,513.1467261987,0
45,478.871111189316,0
46,445.62531777383623,0
47,465.71711192871595,0
48,457.37334325981294,0
49,436.1014334122595,0
50,409.8276801492766,0
51,376.520424796843,0
52,334.5881082839569,0
53,342.9813982247024,0
54,341.5779465419581,0
55,298.49431167776,0
56,314.0701967422812,1
57,303.8922598790789,1
58,297.553886392079,1
59,261.6321240284215,0
60,260.21443849016333,0
61,254.89520711316567,0
62,237.6945507032548,0
63,266.01695914051913,0
64,231.48984013552726,0
65,234.15894936197054,0
66,220.80513269857917,0
67,234.55000058151,0
68,225.23931359748153,0
69,212.03739615099542,1
70,178.00610502259906,1
71,195.33995116698281,1
72,196.3717713298485,0
73,194.4783537938729,0
74,175.14894316571952,0
75,192.6090672634592,0
76,161.17071447149655,1
77,163.25582991944003,1
78,173.08903799585673,1
79,162.51613066205672,0
80,175.05658311606683,0
81,157.85699956689223,0
82,149.02673836168992,0
83,148.8189762913362,0
84,141.5741066768568,0
85,138.63486266135445,0
86,151.37966466394622,0
87,149.97030886823438,0
88,154.45011326589622,0
89,139.29057564841142,0
90,157.06770380571604,0
91,143.25125563385933,1
92,157.81303884978882,1
93,144.54448436656236,1
94,144.20826800874133,0
95,154.15834246157632,0
96,163.4328448525477,0
97,160.53004737718146,0
98,159.0090941694058,0
99,157.80581316846343,0
100,163.0603188561832,0
101,187.0599977076182,0
102,200.0364291687198,0
103,198.18245909461078,0
104,198.93057377039784,0
105,231.5862666498106,0
106,219.9156514971185,0
107,240.61209608726534,0
108,273.9190387095811,0
109,251.66609553766204,0
110,309.2022837756392,0
111,315.6743701176358,0
112,350.99085787608107,0
113,373.94169861913105,0
114,408.21874889638184,0
115,450.69480968724514,0
116,452.05636701260437,1
117,543.2559420649108,1
118,567.7029627397063,1
119,616.8417555016342,0
120,676.8643730576808,0
121,718.4793128203918,0
122,778.5756523181936,0
123,810.2725529171586,0
124,809.8201275611275,0
125,935.3680509914685,0
126,977.460839727512,0
127,1018.8120396189679,0
128,1198.0725395861778,0
129,1238.4609457176737,0
130,1302.1542835157204,0
131,1400.447515735252,0
132,1610.2699500133563,0
133,1738.075802466414,0
134,1954.525232126448,0
135,1965.3863036508042,0
136,2217.8894925932414,0
137,2415.8025614357557,0
138,2554.237293602047,0
139,2276.424218559335,0
140,2926.379299964583,0
141,2991.235968394493,0
142,3201.224226500959,0
143,3399.66699582362,0
144,3618.120998759213,1
145,3832.569061612387,1
146,3932.3920472218306,1
147,3842.319917936762,0
148,4473.246825426244,0
149,4568.103274895484,0
150,5302.611709365203,0
151,5235.596591089814,0
152,5626.852181799249,0
153,5653.46273363823,0
154,6055.907515578775,1
155,6530.372802004288,1
156,6353.046852832555,1
157,7308.305702777429,0
158,7505.757493856277,0
159,7431.178588433422,0
160,7270.255519884697,0
161,8850.613896618233,0
162,8870.292788705625,0
163,9136.599172130536,0
164,9656.393557039242,0
165,11086.044507608702,0
166,10532.00504481442,0
167,11004.37338582695,0
168,10513.5799664708,0
169,12729.728545727858,0
170,12722.865181197167,0
171,13239.112880030774,0
172,13002.43529824579,0
173,13985.466997896798,0
174,14026.216022299363,0
175,14599.547401799506,0
176,14444.142384569981,0
177,13837.845748076248,0
178,16103.658313887954,0
179,14167.467224657044,0
180,15852.779697571808,0
181,16228.045598144665,0
182,15862.63775008564,0
183,17586.031385783946,0
184,17203.723518494535,0
185,17292.676797644486,0
186,18432.150932102995,1
187,17801.427461864565,1
188,19774.455990753064,1
189,19056.541745368504,0
190,18497.25101748559,0
191,17285.726873567954,0
192,18064.401069521038,0
193,20548.55734135509,0
194,19580.603377929474,0
195,19470.584701779975,0
196,21479.60398980081,0
197,18647.86931556419,0
198,19395.759557982663,0
199,19540.976039175348,0
200,20611.81479109979,0
201,19349.41962978864,0
202,19367.070957546333,0
203,18325.20659815341,0
204,20570.568153071898,0
205,20543.67743463847,0
206,19159.81149935858,0
207,19645.15538295801,0
208,18075.303107805234,0
209,18691.03825024582,1
210,20246.683969147885,1
211,18849.05550283649,1
212,20619.648902326462,0
213,17512.00711337017,0
214,18479.278692151678,0
215,17498.628716279756,0
216,17861.213153013858,0
217,17048.30285501066,0
218,16256.917381357885,0
219,15675.335437796812,0
220,18493.451749250424,0
221,15613.764527679767,1
222,13761.455744532894,1
223,14443.029114223405,1
224,15035.761391708664,0
225,13798.724651081697,0
226,14693.378553129096,0
227,14028.313449764684,0
228,12858.478658729935,0
229,12257.316249502019,0
230,11538.969342526318,0
231,11333.932085351655,0
232,10506.12010334418,0
233,11598.541170680483,0
234,11378.88984523401,0
235,9507.511826071168,0
236,9176.609780046789,0
237,8537.61247052056,0
238,8551.168005289657,0
239,7271.461972336065,0
240,7768.874876357504,0
241,8388.345581338506,0
242,7393.129628228399,0
243,7483.455945211337,0
244,6671.625026244585,0
245,7082.633597044808,0
246,6250.991643037173,0
247,5766.094136234075,0
248,6288.602240079015,0
249,5199.272791832402,0
250,4697.4329903092275,0
251,4778.427035692704,0
252,4459.643751412432,0
253,4440.662463069281,0
254,3790.2538508778916,0
255,3891.1770092842194,0
256,3667.7440957617605,0
257,3194.193224830253,0
258,3126.116872390217,0
259,2785.7608962751237,1
260,3040.5778209330797,1
261,2455.691167788163,1
262,2324.1643274421904,0
263,2101.084696423231,0
264,2033.2293679828338,0
265,1926.2558708364254,0
266,1861.27131516139,0
267,1614.8422640520569,0
268,1531.8697583287608,0
269,1332.274638329008,0
270,1273.2397028781597,0
271,1398.3923991982606,0
272,1195.261341151911,0
273,1008.1320934326162,0
274,903.0808240738091,0
275,848.3617007211761,0
276,820.1719819214627,0
277,756.4355719208169,0
278,667.9740822719006,0
279,595.8605846584043,0
280,625.5061341335941,0
281,547.0856712231679,0
282,480.5133419915694,0
283,442.8578257647557,0
284,398.30094613848485,0
285,318.65724023638205,0
286,342.6308726531378,1
287,293.85334274519397,1
288,268.5667992993333,1
289,249.06401874230093,0
290,242.55648087795748,0
291,200.20747388784832,0
292,179.29853415171212,0
293,180.95296172095956,0
294,165.10582134118414,0
295,137.3943041753825,0
296,134.53685798488382,0
297,116.89928709398055,0
298,109.15012046880574,0
299,91.32275302972594,0
300,92.03536168368903,0
301,84.9334186585528,0
302,74.98118017545916,0
303,67.78637671814624,0
304,48.59078007493145,0
305,55.13877251640513,0
306,49.45773503732583,0
307,44.777873342184286,0
308,39.852102971622685,0
309,37.70215784390152,0
310,35.12539233267897,0
311,31.151806053887945,0
312,28.34894883077403,0
313,28.39018110147014,0
314,23.348243073927552,0
315,24.081648791898598,0
316,21.474942294846464,0
317,19.049766558997984,0
318,18.297931383776994,0
319,16.625903455742456,0
320,16.968157107673562,0
321,15.78304059513091,0
322,14.302870337072587,0
323,13.229300287249346,0
324,13.570257944349436,0
325,13.419638352881728,0
326,12.236918296797388,0
327,12.110697582188948,0
328,11.251407226766869,0
329,11.15215534440934,1
330,10.643005676459113,1
331,10.674248714965534,1
332,9.493306070275008,0
333,10.366849310825549,0
334,9.727999422182869,0
335,9.832207222488815,0
336,9.33297470314243,0
337,9.495198348916066,0
338,8.716103380948255,0
339,9.626653375128615,0
340,8.2088429430699,0
341,8.408131021992721,0
342,8.876115457803131,0
343,9.318565846237298,0
344,8.719794211077499,0
345,8.416612164946645,0
346,7.8469052318316415,0
347,8.29951587864124,0
348,8.30566429671191,0
349,8.948767685161696,0
350,8.446192786364056,0
351,7.5119964193143165,0
352,8.897110134059941,0
353,7.86638584641614,0
354,7.622356905380271,0
355,8.506685716744313,0
356,7.853700594300229,0
357,7.6815049441113645,0
358,7.863348463975782,0
359,8.058839758735969,0
360,8.068769579386728,0
361,7.117036302258842,0
362,8.358106596958315,0
363,7.9134343483028475,0
364,7.370800882625104,0
365,7.165528672055202,0
366,7.070006946995024,0
367,7.434734166410114,0
368,7.110695197890919,0
369,7.029413169835366,0
370,7.564407332950859,0
371,7.362402911039985,0
372,7.0502392381255925,0
373,7.416769800452804,0
374,7.603148613677826,0
375,6.692124893419636,0
376,6.83056592372193,0
377,7.337257758145253,0
378,7.222172491877386,0
379,7.015348542488116,0
380,7.3037059958643376,0
381,6.495282386024201,0
382,6.33071582141857,0
383,6.509632165389613,0
384,6.81501484879458,0
385,6.475218901275432,0
386,6.551384313996205,0
387,6.361608446931409,0
388,6.455154984186159,0
389,6.304250820203446,0
390,6.7371578476404395,0
391,6.857882855100652,1
392,6.420413733413676,1
393,6.496071055479906,1
394,6.362752648359214,0
395,6.7199267906589935,0
396,6.572552726676377,0
397,7.067658224722525,0
398,6.195251429490038,0
399,6.688411384920686,0
400,6.738503779257078,0
401,6.504468573654191,0
402,6.8601667325095335,0
403,6.23587396982464,0
404,7.504844393658261,0
405,6.407089064823066,0
406,7.287759876010254,0
407,6.6893098348021685,0
408,7.644347940720158,0
409,7.253704932341549,0
410,7.653038889818123,0
411,7.843958727248772,0
412,8.53639596151351,0
413,8.26685926852437,0
414,7.461502253006449,0
415,8.826909851370525,0
416,9.740580398260512,0
417,9.973628394219928,0
418,11.240030663416798,0
419,12.1231452469366,0
420,12.26002941148574,0
421,12.288347417185534,0
422,15.320684657492158,0
423,16.362121613299074,0
424,16.619354469099854,1
425,20.337377965622835,1
426,19.769659561677376,1
427,20.807874732415996,0
428,24.058545538524708,0
429,28.142758471134936,0
430,28.079570649416134,0
431,35.72629642418315,0
432,34.39567066313835,0
433,41.78020528326373,0
434,45.398393215575396,0
435,48.63280301521061,0
436,57.31036036167101,0
437,55.81261980006248,0
438,71.50852088012351,0
439,74.07777708576397,0
440,80.22382476832037,0
441,94.90200214327854,1
442,106.81604991023039,1
443,116.76880534300433,1
444,137.02426741661063,0
445,145.38056418930074,0
446,162.41281126217092,0
447,164.201205081785,0
448,187.45518125655926,0
449,211.65820392144946,0
450,226.89486759961812,0
451,254.0801295072763,0
452,281.5144993604833,0
453,316.06893945847355,0
454,331.65707541520226,0
455,359.6669002961762,0
456,384.97704905662505,0
457,420.54176893068825,0
458,510.1975857752104,0
459,524.9263025731757,0
460,598.6800384605345,0
461,587.9704923255144,0
462,619.1721938427187,0
463,707.6552282889891,0
464,859.2449615193053,0
465,930.5176284811771,0
466,975.0833374987318,0
467,998.6408216274721,0
468,1119.869208749786,0
469,1201.888534070753,0
470,1296.32596250874,0
471,1246.0889083285892,0
472,1470.9557414094736,0
473,1640.4711042927888,0
474,1918.0437444619056,0
475,1932.510472206087,0
476,2203.4261937210613,1
477,2165.8946303197135,1
478,2338.0192335245683,1
479,2040.8094607363087,0
480,2773.832988535143,0
481,2975.220398927788,0
482,3362.7038742945288,0
483,3213.594284868478,0
484,3523.376320945314,0
485,3598.074674405233,0
486,3729.16266271599,0
487,4054.6701654781277,0
488,4379.998461718384,0
489,5038.90792498152,0
490,4991.744085674919,0
491,5064.7129531033925,0
492,5604.33692119113,0
493,5930.026327568127,0
494,5968.175141190143,1
495,6868.50009054014,1
496,6181.698866902566,1
497,7087.540661910501,0
498,7759.978247922806,0
499,7338.144756432204,0
500,8374.817676686589,0
501,9150.743600613217,0
502,9174.068509971294,0
503,8561.745706710783,0
504,9384.372961672403,0
505,10754.817787344227,0
506,10683.348346625038,0
507,10919.977916187861,0
508,11576.815481785612,0
509,12153.156899759542,0
510,11704.601290693707,0
511,12356.569713632378,0
512,13034.382080995381,0
513,12980.411153444795,0
514,13650.227490491952,0
515,15054.103912274673,0
516,13823.759503766933,0
517,16347.327923494477,0
518,16724.87255096546,0
519,14316.355331376571,0
520,15905.484000887227,0
521,16649.66969957946,0
522,16073.388109417645,0
523,16405.760765045365,0
524,17146.21337764671,0
525,18306.00834182309,0
526,17481.530213618797,0
527,19874.585487639335,0
528,18733.631937596336,0
529,18607.383194336788,0
530,20293.933886445993,0
531,19722.31679232734,1
532,19661.35463718166,1
533,19144.10045497118,1
534,21385.85039424095,0
535,20528.388581496743,0
536,19624.831272190037,0
537,18334.099193244376,0
538,20331.234861097484,0
539,18849.02035805238,0
540,18287.177594704932,0
541,19713.25209056424,0
542,20239.890505368723,0
543,21179.93020688909,0
544,20106.37654454415,0
545,20522.534113320617,0
546,18405.502156386836,0
547,19444.29839356531,0
548,19424.593308817515,0
549,19947.703123033312,0
550,19032.290981941267,0
551,19454.965580315424,0
552,18000.079938264018,0
553,18536.87113033496,0
554,18311.979687069936,0
555,16550.04752791911,0
556,17504.088175670313,0
557,16763.727058826826,0
558,15117.871806815228,0
559,17153.103374746122,0
560,15728.11420710061,0
561,14989.952379513456,0
562,14999.302583859855,0
563,15013.3604007964,0
564,15621.316531122571,0
565,14018.804774060289,0
566,14065.835427138183,0
567,14258.994269042574,0
568,13286.431206311236,0
569,13207.771053278311,0
570,11844.58937892295,0
571,12181.664070513607,0
572,11293.296533859644,0
573,11511.395204200857,0
574,9997.317356394002,0
575,9734.891076509743,0
576,10355.797258702862,0
577,9259.446642885734,0
578,8808.627281686904,0
579,8627.453149134964,0
580,7941.645229371619,0
581,8387.077836632305,0
582,7040.155746192851,0
583,7108.996408180139,0
584,6943.485146433781,0
585,6462.037230355948,0
586,5928.110968018183,0
587,5610.349572400554,0
588,5681.965337458849,0
589,5000.258608401075,0
590,5151.141756378704,0
591,4358.245447208097,0
592,4331.90356351855,0
593,4210.851517664167,0
594,3712.8225551550377,0
595,3849.7666050185535,0
596,3502.1722144217974,0
597,3121.733001824035,0
598,2854.118640853173,0
599,2667.8964509556254,0
600,2716.3879642467805,0
601,2386.953884695958,0
602,2204.8408722226204,0
603,2182.227142323068,0
604,2291.829446936509,0
605,1941.9921473374463,0
606,1849.0899368170192,0
607,1672.0652501866305,0
608,1595.2070718613431,0
609,1327.2475655220783,0
610,1288.8946541434539,0
611,1234.1145097119015,0
612,1124.3483258616695,0
613,1028.4864669467001,0
614,925.3486528844161,0
615,869.987416391647,0
616,779.2759728209431,0
617,654.6139400583908,0
618,642.7331160504374,0
619,641.5771446243908,0
620,618.5836943756652,0
621,572.6206051193691,0
622,482.09565257925226,0
623,457.53197575117656,0
624,417.5133919279013,0
625,351.2194829169186,0
626,302.9576668505726,0
627,301.4161004078878,0
628,249.21619217428605,0
629,243.96394113986184,0
630,231.52341441256746,0
631,188.98452263537587,0
632,184.2945716241901,0
633,176.57024134172025,0
634,152.8067340522158,0
635,138.9078375786166,0
636,127.5153487634216,0
637,119.34121685371035,0
638,99.54170145250502,0
639,94.25708376084934,0
640,79.49632014136455,0
641,69.62073309766667,0
642,65.20345813226105,0
643,55.7931235386681,0
644,50.06308649708057,0
645,44.743858368366304,0
646,36.559441899535344,0
647,37.14455010232724,0
648,30.961889134121755,0
649,29.400606034418796,0
650,28.353466319572846,0
651,23.031714439063343,0
652,20.58575313474276,0
653,20.233039116107783,0
654,17.430463431580225,0
655,15.954193293603366,0
656,13.409722716652688,0
657,12.72784485212875,0
658,10.66418116610877,0
659,9.62129723240115,0
660,9.266559688896445,0
661,7.906845233257819,0
662,7.686750465601905,0
663,7.550002107356205,0
664,5.64349507760595,0
665,5.439866718247264,0
666,5.495155976113786,0
667,4.774837937905426,0
668,4.723310841708551,0
669,3.9511386434060296,0
670,3.9606767336209048,0
671,3.6365683777747146,1
672,3.485674972154215,1
673,3.338661364089682,1
674,2.9388316722253465,0
675,2.8341515395624066,0
676,3.078953316112147,0
677,2.8161755601048823,0
678,2.700988903575413,0
679,2.603894722167412,0
680,2.588221593977586,0
681,2.341562147296804,0
682,2.3138534692034907,0
683,2.548993363260428,0
684,2.374465138121711,0
685,2.42493525251046,0
686,2.2309275929894112,0
687,2.4368194232616487,0
688,2.302653736674348,0
689,2.3056316178962626,0
690,2.304941002593333,0
691,2.1500944765037744,0
692,2.030430190574277,0
693,2.122942751312183,0
694,2.435705054239985,0
695,2.4127496350714837,0
696,2.2442719831700355,0
697,2.2732190832316266,0
698,2.4597020167548522,0
699,2.356043271142946,0
700,2.264289354125684,0
701,2.632908414521839,0
702,2.601762521327291,0
703,2.2884089401136487,0
704,2.6653583492337,0
705,2.833187810738807,0
706,3.0062005969492214,0
707,3.101354777402718,0
708,3.139781606665287,0
709,3.4135846965440213,0
710,3.7071022175538673,0
711,3.853890040763191,0
712,4.118848526347906,0
713,4.813883142041505,0
714,4.679555410896931,1
715,5.255119264918288,1
716,5.253146619932564,1
717,6.5887646849898704,0
718,7.354704985687474,0
719,8.011733600249245,0
720,9.029345806474131,0
721,9.791640440178647,0
722,10.835879693336143,0
723,12.148248162950491,0
724,13.061116727550388,0
725,15.663435903124206,0
726,16.240118943578004,0
727,17.13821868638838,0
728,21.575029440184455,0
729,25.31611230418806,0
730,24.702902500969138,0
731,28.910903013315515,0
732,31.422308600495406,0
733,35.73114939828302,0
734,40.855584873761664,0
735,42.764821564828225,0
736,50.26968466857992,0
737,52.78567823542705,0
738,61.79829352860989,0
739,66.76619488094454,0
740,74.94894846579935,0
741,80.59062819397222,0
742,104.1404533012006,0
743,111.9537310186604,0
744,109.69063443757724,0
745,130.67757271389442,0
746,144.39740767757735,0
747,159.84163748120358,0
748,170.02473455047107,0
749,210.34864350637773,0
750,219.52023404759356,0
751,252.96457875187463,0
752,279.7103452448831,0
753,320.81838035408555,0
754,300.30430702204507,0
755,394.5664319707806,0
756,423.85233793575543,0
757,449.6660478277716,0
758,536.0132851699904,0
759,529.5315730315245,0
760,596.5736518494746,0
761,602.6892153793336,0
762,721.3862165866791,0
763,750.1405864721498,0
764,791.4706195898349,0
765,973.6351689465093,0
766,941.7004003553224,0
767,1037.9578391816415,0
768,1113.2953273654157,0
769,1171.2217976454933,0
770,1351.217264976401,0
771,1474.2779560839758,0
772,1561.2681028205457,0
773,1458.2796931037426,0
774,1869.8139178313318,0
775,1880.8256095096674,0
776,1931.3870939430974,0
777,2273.224500291696,0
778,2431.789532143927,0
779,2400.306440833801,0
780,3043.1555683110755,0
781,2718.3392962166986,1
782,2819.9961990839015,1
783,3101.1904520953303,1
784,3753.1796299093676,0
785,3694.256784815769,0
786,3885.928958439607,0
787,4188.938348416926,0
788,4321.428712540118,0
789,4553.741646251839,0
790,4828.702692993958,0
791,5457.176779411538,0
792,5846.142152415621,0
793,5554.361558406942,0
794,6248.387472274533,0
795,6750.58321492891,0
796,6454.658639354106,0
797,6981.612532997009,0
798,7118.110087288945,0
799,7354.504901874679,0
800,8265.689426690446,0
801,8276.433580327794,0
802,9251.186156471249,0
803,9335.92640204959,0
804,9937.467402859887,1
805,9980.235911825906,1
806,10189.839970469078,1
807,10873.499020847254,0
808,11321.78195700617,0
809,11314.020802633539,0
810,12390.909248397333,0
811,13004.310716247379,0
812,13041.892918180894,0
813,14484.033422016302,0
814,13305.250618728536,0
815,14502.385038023276,0
816,14227.645894337058,0
817,15083.58139843697,0
818,14651.721620188488,0
819,16528.473024125986,0
820,16157.191227684918,0
821,17342.673881131857,0
822,15649.255233125408,0
823,16614.534259540647,0
824,16575.736142578047,0
825,17181.9277028324,0
826,17316.85950428513,0
827,18099.389500020305,0
828,18447.859646246616,0
829,18662.87634802358,0
830,18395.094185128324,0
831,19300.58579173795,0
832,20147.916077061567,0
833,18586.227177567194,0
834,19606.278816142934,0
835,19652.518625743036,0
836,20288.6807777611,0
837,19838.128954818956,0
838,19941.394371420894,0
839,18999.693651208276,0
840,20023.119238585365,0
841,19068.864993791274,0
842,20471.60786130789,0
843,19798.94204294751,0
844,19863.919002627717,0
845,18846.578996063527,0
846,20393.26550275106,0
847,20138.05981118985,0
848,20134.25960098935,0
849,21250.863348495535,0
850,18870.885377248596,0
851,19826.375040522464,0
852,18349.385310786558,0
853,18567.847106560643,0
854,18265.63971226964,0
855,17884.822266372248,0
856,17920.965993420286,0
857,16775.894243094528,0
858,16740.95174942931,0
859,16804.939903513485,0
860,17415.78688202711,0
861,14996.063509702786,0
862,13905.487328552514,0
863,14547.675633894829,0
864,14589.624692314348,0
865,14257.957896115347,0
866,13802.832714588656,0
867,14129.835569316407,0
868,13570.904017955676,0
869,12505.255701842027,0
870,11847.105668055945,0
871,11524.828217752709,0
872,11122.648653890828,0
873,10799.588775710496,0
874,9696.236698336292,0
875,9894.544085785164,0
876,9529.506361478436,0
877,9261.134696005383,0
878,8853.898362143957,0
879,8881.147487875965,0
880,8004.8114835481765,0
881,7689.332749852051,0
882,7710.9349227360335,0
883,7077.0223891087035,0
884,6897.289034265423,0
885,6711.667358035089,0
886,6304.4868757217255,0
887,5936.720648820047,0
888,5507.3808093638145,0
889,5449.965732228531,0
890,5032.08863222074,0
891,4597.129562488876,0
892,4420.3664774192,0
893,3945.7314623754155,0
894,3768.871685432151,0
895,3375.8074673113465,0
896,3384.739435426142,0
897,3510.475120919155,0
898,3001.239549741612,0
899,3006.8462245751066,0
900,2707.470394235337,0
901,2443.2765520150388,0
902,2523.043207894903,0
903,2270.4582947188474,0
904,1875.9306519116471,0
905,2013.5645233373925,0
906,1684.0104112287509,0
907,1638.2718343394997,0
908,1584.854587333398,0
909,1400.0053737939077,0
910,1389.3894653625753,0
911,1263.0406149551961,0
912,1035.2827932225173,0
913,1012.504069025174,0
914,969.2484378568545,0
915,854.632544532985,0
916,800.4680444137484,0
917,773.0985955325343,0
918,692.9374932141527,0
919,596.4722143190374,0
920,577.4869366149254,0
921,507.57519308524206,0
922,449.30634173258983,0
923,411.9038463189449,0
924,403.7009120702891,1
925,361.9170243567875,1
926,329.7735482305922,1
927,282.4080251934799,0
928,269.4267214198992,0
929,233.7800786496149,0
930,212.98890590588536,0
931,200.40789528619433,0
932,170.01668622016413,0
933,170.43913153217358,0
934,167.2546937135614,0
935,137.11672590083057,0
936,114.36764603221702,0
937,107.03365706708762,0
938,89.89769896005407,0
939,85.83668229639038,0
940,80.43761847448478,0
941,72.34704062979485,0
942,59.65408740787675,0
943,57.08821538747567,0
944,53.16195903011943,0
945,48.80456649903185,0
946,38.62313992317334,0
947,34.13908848957596,0
948,31.873093522597937,0
949,24.157020900701376,1
950,24.51429315740021,1
951,22.09528029446899,1
952,19.457686808448287,0
953,16.300194399802997,0
954,15.539441614725469,0
955,13.438953191576786,0
956,12.898113422673948,0
957,10.541473620067809,0
958,9.688987311817272,0
959,8.645376773116428,0
960,8.013505881533797,0
961,6.064802359531675,0
962,6.100473733248915,0
963,5.762403655639388,0
964,4.8856708737344725,0
965,4.128343759598841,0
966,4.091109420119188,0
967,3.697117000250014,0
968,3.2502609908141613,0
969,2.8226790764714575,0
970,2.634406239360715,0
971,2.46881929970019,0
972,2.208682855285592,0
973,1.9319040517389987,0
974,1.9104746103328603,0
975,1.8507587587153604,0
976,1.6992253219327658,0
977,1.6393553550624962,0
978,1.5675891570162528,0
979,1.5549651231301083,0
980,1.5828187068197876,0
981,1.4224387855980636,0
982,1.233566513448261,0
983,1.1171437369563306,0
984,1.2502221327353893,0
985,1.2340668865507334,0
986,1.1381334381986385,0
987,1.2079004150875066,0
988,1.1342154018406674,0
989,1.1949449822089198,0
990,1.148313011332074,0
991,1.1904483498183032,0
992,1.0691399258899048,0
993,1.153505804925337,0
994,1.1830338122614714,0
995,1.1229840281583443,0
996,1.347397800926641,0
997,1.2254610985768546,0
998,1.3837603544214967,0
999,1.2908818423499053,0
1000,1.3686880934703214,0
1001,1.5284480776113916,0
1002,1.534690389885099,0
1003,1.6074140678346132,0
1004,1.7082810357797942,0
1005,1.6722124028983325,0
1006,1.8836868438586882,0
1007,1.968315492412614,0
1008,2.2578382713151828,0
1009,2.36392372882223,0
1010,2.6476083250317175,0
1011,2.8988088195932242,0
1012,3.198485994569023,0
1013,3.535125083830219,0
1014,3.7985381807029546,0
1015,4.136576228278137,0
1016,4.706920264588259,0
1017,5.7318980954472325,0
1018,6.204858656417016,0
1019,7.030484639154736,0
1020,8.197982000175962,0
1021,8.111289492732254,0
1022,9.943157269117853,0
1023,10.326337632127661,0
1024,12.081962846409311,0
1025,14.172704314004644,0
1026,16.84216708890451,1
1027,16.863259808215144,1
1028,19.66478780794276,1
1029,23.52358667419584,0
1030,23.154405668413123,0
1031,28.640561316878465,0
1032,31.126082518628703,0
1033,33.938300983713816,0
1034,40.13619220778294,0
1035,46.01065551127504,0
1036,47.78298245128725,0
1037,57.11784966282404,0
1038,63.24417245832409,0
1039,65.72276015255062,0
1040,84.31823144930523,0
1041,92.03403032168573,0
1042,93.08191872776776,0
1043,105.10963448101862,0
1044,125.07768139298933,0
1045,130.4993009070245,0
1046,134.8636311733805,0
1047,173.32124807898404,0
1048,182.4906078615973,0
1049,221.07704288954307,0
1050,227.07251735865384,0
1051,248.6662116505257,0
1052,310.7165454159986,0
1053,296.7437483833427,0
1054,313.7414643797691,0
1055,366.3073030084261,0
1056,420.30239945546805,0
1057,410.87672957057407,0
1058,456.37829623611964,0
1059,535.0870205036098,0
1060,480.7225497814939,0
1061,590.8144532272569,0
1062,708.9534824145562,0
1063,721.2690155729025,0
1064,743.127212658212,0
1065,964.306898356348,0
1066,888.0675444669998,0
1067,1009.5513353308851,0
1068,1102.630827615341,0
1069,1221.4560502890677,0
1070,1291.139240627767,0
1071,1415.2247806995222,0
1072,1537.6889729489212,0
1073,1645.4680415569446,0
1074,1787.5957782270873,0
1075,1685.9426472624089,0
1076,2100.9923377656964,0
1077,2050.9685119979113,0
1078,2108.292402194963,0
1079,2706.4435769803526,0
1080,2533.5308394744184,0
1081,2918.564786595418,0
1082,2967.5173926077396,0
1083,3178.7209231254433,0
1084,3588.188605253598,0
1085,3530.959377320039,0
1086,4032.5878385646456,0
1087,4281.200875229722,0
1088,4712.8363438743345,0
1089,4636.48811429511,0
1090,5248.895873501335,0
1091,5723.24375389744,0
1092,6002.806340546265,0
1093,6034.755081067133,0
1094,6312.435933945645,0
1095,7419.083027638393,0
1096,7584.501197612025,0
1097,6886.349162598029,0
1098,7853.728885454311,0
1099,8097.881020745129,0
1100,8252.783778303989,0
1101,8657.833351419924,0
1102,9186.16274483661,0
1103,9787.120229814478,0
1104,9842.359785396073,0
1105,10299.593385824328,0
1106,11255.747706905366,1
1107,11095.814927710784,1
1108,11632.484974269682,1
1109,12307.851818076793,0
1110,13122.113247331996,0
1111,13304.710917975937,0
1112,13182.948292935363,0
1113,13478.958483209635,0
1114,12898.403752952901,0
1115,14340.165694867095,0
1116,13770.600837153477,0
1117,14144.667849481522,0
1118,15782.52514229477,0
1119,15576.161731710838,0
1120,16393.678424600694,0
1121,15853.26114248399,0
1122,17709.574717945037,0
1123,17156.65389009827,0
1124,18379.67587900104,0
1125,18245.06247683747,0
1126,18085.595326906587,0
1127,17772.801673925773,0
1128,18492.19785826054,0
1129,19474.743008481553,0
1130,19579.95435036508,0
1131,17977.70745074867,0
1132,20292.055385019834,0
1133,19255.505139860885,0
1134,20403.901788677696,0
1135,19037.022319445787,0
1136,20456.018800884092,0
1137,19108.372138755753,0
1138,20085.4503976952,0
1139,19691.785695464147,0
1140,19715.184584809336,0
1141,19423.36446690875,0
1142,19803.12626931465,0
1143,18168.993940861095,0
1144,20692.64842841451,0
1145,20673.36253542794,0
1146,19170.710379936245,0
1147,18120.904430759096,0
1148,18677.996178885096,0
1149,20026.65851989815,0
1150,19511.68511516494,0
1151,18419.663473742632,0
1152,19291.40190556518,0
1153,17260.24269213242,0
1154,17387.897166710256,0
1155,18069.5435494106,0
1156,17266.114949868075,0
1157,16532.307756463346,0
1158,14607.749706388122,0
1159,16915.52892060144,0
1160,16274.71811389378,0
1161,14290.573614346342,1
1162,15744.110626899732,1
1163,14897.217463580531,1
1164,14726.203416314936,0
1165,14801.655004170732,0
1166,13230.62442140661,0
1167,13816.226171328213,0
1168,13381.249084351732,0
1169,13012.847295518812,0
1170,13123.659450518237,0
1171,12113.389583826332,0
1172,11005.861137636175,0
1173,11904.331058343618,0
1174,9940.542038294896,0
1175,9893.12524555152,0
1176,9266.274351619499,0
1177,9300.819527659303,0
1178,9452.5826734312,0
1179,9149.38545827135,0
1180,8413.537101732769,0
1181,7621.635950594568,0
1182,7299.136789129418,0
1183,6944.748097486651,0
1184,7147.9317943758115,0
1185,6199.4178299587675,0
1186,6440.523483026976,0
1187,5853.266488349073,0
1188,5609.296062980062,0
1189,5668.037580341894,0
1190,4869.206813678983,0
1191,5107.429801076487,0
1192,4139.557116216125,0
1193,4027.8433981080125,0
1194,3646.2573793682623,0
1195,3586.978859795642,0
1196,3605.4146383682887,0
1197,3411.5491848551274,0
1198,3133.940280164528,0
1199,2931.017752530112,0
1200,2548.565741788641,0
1201,2363.4888844920556,0
1202,2400.1932200374517,0
1203,2354.3432596213306,0
1204,2018.061314687062,0
1205,1792.0148437009743,0
1206,1642.7243588459696,0
1207,1596.2114802232677,0
1208,1654.176465381526,0
1209,1406.0323744549403,0
1210,1246.994579524215,0
1211,1179.1444127920336,0
1212,1096.2147817598577,0
1213,1050.2464239032977,0
1214,923.727471470841,0
1215,840.2836534131865,0
1216,801.1022448712556,0
1217,760.266966006772,0
1218,706.0597023694361,0
1219,641.9406705439753,0
1220,558.8968055435063,0
1221,478.76330385066376,0
1222,458.7875898842641,0
1223,442.2614913140131,0
1224,370.9830638432306,0
1225,366.4970385719432,0
1226,319.47398099574923,0
1227,290.37321186027015,0
1228,286.62429858855046,0
1229,248.76259553800122,0
1230,238.10722280895945,0
1231,192.1169828946412,0
1232,192.45828996571785,0
1233,171.90476183211962,0
1234,126.06597869031273,0
1235,132.96535725733887,0
1236,129.4407427859434,0
1237,112.22312405442158,0
1238,94.85575596643709,0
1239,85.99444276752463,0
1240,72.88793220684319,0
1241,70.5173250796456,0
1242,56.82490897326189,0
1243,52.93970095958223,0
1244,52.56716301109531,0
1245,44.34828994443045,0
1246,38.834888559176186,1
1247,35.023719842619,1
1248,35.610666296544835,1
1249,29.2728302831979,0
1250,23.75763264409214,0
1251,23.76114622297992,0
1252,19.364532893133184,0
1253,17.876782525624293,0
1254,14.823038456885929,0
1255,12.887435549816967,0
1256,12.448184797003561,0
1257,10.183830644377384,0
1258,9.004983721797696,0
1259,8.664056593250914,0
1260,6.911764516255414,0
1261,6.035384031303502,0
1262,5.911112720516856,0
1263,4.600967279937755,0
1264,4.355921551605695,0
1265,3.947544593737008,0
1266,3.3372387641696113,0
1267,3.011263466653831,0
1268,2.944202365829665,0
1269,2.58918461763832,0
1270,2.1836147554665004,0
1271,2.1198816452595626,0
1272,2.009376097682783,0
1273,1.5866548035796355,0
1274,1.5503495347689606,0
1275,1.5553866908023315,0
1276,1.3423327469789512,0
1277,1.2535566159826945,0
1278,1.1084878058271463,0
1279,1.0044833647953915,0
1280,1.0388672912001309,0
1281,0.9581101415905022,0
1282,0.8781094280838122,0
1283,0.8199410267515861,0
1284,0.7339249467962109,0
1285,0.7798348530993756,0
1286,0.7217593251382103,0
1287,0.7202843192407525,0
1288,0.7293201222902357,0
1289,0.717173029876797,0
1290,0.6987772142986944,0
1291,0.7367786637550754,0
1292,0.6893763458845373,0
1293,0.6182406737233761,0
1294,0.6082726916556425,0
1295,0.7003440370365849,0
1296,0.6007253896305987,0
1297,0.614767736614934,0
1298,0.6649445109284491,0
1299,0.6597273260378536,0
1300,0.6024731919020284,0
1301,0.6083120076419327,0
1302,0.5493910635484986,0
1303,0.5688019833787936,0
1304,0.5828301725181363,0
1305,0.5915232686586254,0
1306,0.580350875969431,0
1307,0.5927127457640118,0
1308,0.6510304384284684,0
1309,0.5988755513368874,0
1310,0.5929706604162459,0
1311,0.5827562509220077,0
1312,0.5765145018503439,0
1313,0.6161549161060977,0
1314,0.5505738802191769,0
1315,0.5746010759456945,0
1316,0.5455858700539072,0
1317,0.5787266703388272,0
1318,0.5786691505626023,0
1319,0.6007248764092354,0
1320,0.6076914238705209,0
1321,0.5914131287736479,0
1322,0.6178829669887187,0
1323,0.6159467680971246,0
1324,0.5787168943363784,0
1325,0.5794683417414299,0
1326,0.5129843051364388,0
1327,0.5761807408145735,0
1328,0.5660893507853532,0
1329,0.5176398869827076,0
1330,0.5523367758687074,0
1331,0.5906412418319705,0
1332,0.5279473289878787,0
1333,0.5982877638558778,0
1334,0.5744337974293751,1
1335,0.5538721641353269,1
1336,0.5554486293798813,1
1337,0.5817712544607042,0
1338,0.5178375723061505,0
1339,0.6137497942591276,0
1340,0.5334743180800139,0
1341,0.534015133112671,0
1342,0.5882762551142359,0
1343,0.5754781512883337,0
1344,0.5894186625187906,0
1345,0.5808315534319113,0
1346,0.5615172379093647,0
1347,0.5152057084350625,0
1348,0.5365198168109745,0
1349,0.5541415813676325,0
1350,0.5474146171321134,0
1351,0.49092373203171524,0
1352,0.5747927710913053,0
1353,0.5926733710064145,0
1354,0.5845264152918889,0
1355,0.5161737542059851,0
1356,0.5548883228719418,0
1357,0.48459640205294086,0
1358,0.5872067794217766,0
1359,0.48821704371327995,0
1360,0.5509442032844973,0
1361,0.5704064426345187,0
1362,0.5730347192720004,0
1363,0.5467351522011239,0
1364,0.49844625562949557,1
1365,0.5332072315769922,1
1366,0.5279552102053823,1
1367,0.5441941388100654,0
1368,0.5599237794841528,0
1369,0.5504299924043652,0
1370,0.5884532392369033,0
1371,0.5488001108947534,0
1372,0.5201549222358427,0
1373,0.5728654746722655,0
1374,0.5206075234597382,0
1375,0.5356005238089029,0
1376,0.5321573045472157,0
1377,0.46624145183561283,0
1378,0.5331400608746656,0
1379,0.5326990119268803,0
1380,0.5188417484047587,0
1381,0.519882284114309,0
1382,0.4892482915880563,0
1383,0.5242214729337038,0
1384,0.5604901794618858,0
1385,0.5159492897043073,0
1386,0.5062425439434942,0
1387,0.5032916742782384,0
1388,0.5705916203010575,0
1389,0.482499780340413,0
1390,0.5386623200085252,0
1391,0.5189602481554546,0
1392,0.5648408286912561,0
1393,0.5483447564058656,0
1394,0.5115988225806057,0
1395,0.4735832259836508,0
1396,0.5490249287485559,0
1397,0.5489664283265272,0
1398,0.4827071416156523,0
1399,0.5292151402361799,0
1400,0.4890774319754652,0
1401,0.4890051529622216,0
1402,0.4671459686626052,0
1403,0.5309642684392835,0
1404,0.5134465983488441,0
1405,0.5183662107205037,0
1406,0.5418252159027677,0
1407,0.521286253788181,0
1408,0.5184294504616719,0
1409,0.5218367757927048,0
1410,0.47554443787062783,0
1411,0.5007045755469566,0
1412,0.4706508626888129,0
1413,0.477646421454095,0
1414,0.4971515064117819,0
1415,0.5252194357208767,0
1416,0.5492886811447079,0
1417,0.47034816407193897,0
1418,0.5009366593899729,0
1419,0.4941750040615452,0
1420,0.5082908781671676,0
1421,0.50894052577215,0
1422,0.5027934600249189,0
1423,0.4693029076572698,0
1424,0.5021772957329111,0
1425,0.5137096949528245,0
1426,0.47847398842607247,0
1427,0.5388960712616064,0
1428,0.4839542109598462,0
1429,0.47352290581948786,0
1430,0.4955748995709933,0
1431,0.4813756816427684,0
1432,0.4536870464340086,0
1433,0.48566112126200506,0
1434,0.5243648081413738,0
1435,0.5334992240283633,0
1436,0.47053874754316594,0
1437,0.5054848093870189,0
1438,0.4861236606682668,0
1439,0.48909834658690937,0
1440,0.5121012716517449,0
1441,0.5014050336614715,0
1442,0.4839555791781264,0
1443,0.45731443211172873,0
1444,0.4520065410719256,0
1445,0.47672842643015517,0
1446,0.48532634369865835,0
1447,0.4889381594220995,0
1448,0.4949028256648681,0
1449,0.498919979281762,0
1450,0.4178995664779638,0
1451,0.4957406601000053,0
1452,0.4488554241531624,0
1453,0.4993592729717048,0
1454,0.4803118604632042,0
1455,0.48658449636656564,0
1456,0.45832450286845466,0
1457,0.477067334882095,0
1458,0.42591603487346624,0
1459,0.4948218853608692,0
1460,0.4607394647642067,0
1461,0.40728364591469324,0
1462,0.49200590070355216,0
1463,0.5056878220892584,0
1464,0.44552343029262986,0
1465,0.49351256692843026,0
1466,0.4472455495308885,0
1467,0.41144505513783813,0
1468,0.45510802849821363,0
1469,0.4703164526815895,0
1470,0.4652271384398808,0
1471,0.4639040612607127,0
1472,0.46771792370757637,0
1473,0.4652455235760622,0
1474,0.45467306398258295,0
1475,0.4452132637752067,0
1476,0.4523020127729973,0
1477,0.44972468175189134,0
1478,0.45023105483908127,0
1479,0.43136063204699016,0
1480,0.44355228381198597,0
1481,0.4571781346646741,0
1482,0.4617269242568028,0
1483,0.4526261036973294,0
1484,0.4493042679491813,0
1485,0.46495985577304194,0
1486,0.4706666170838828,0
1487,0.4669994336118266,0
1488,0.41157182929057784,0
1489,0.440173751379344,0
1490,0.46569725950236013,0
1491,0.460799809072809,0
1492,0.4638707045315007,0
1493,0.4550632585679493,0
1494,0.4283277188776093,0
1495,0.4741379090306059,0
1496,0.4158932678491414,0
1497,0.4675962652567406,0
1498,0.44467325267677676,0
1499,0.4117187950158519,0
1500,0.43506064132786376,0
1501,0.4699404732109754,0
1502,0.42964853903126304,0
1503,0.4153241533920555,0
1504,0.435121239638441,0
1505,0.42287523305314473,0
1506,0.41279162230254407,0
1507,0.4493615340691153,0
1508,0.4566849468156338,0
1509,0.42647841285050825,0
1510,0.44946419667737464,0
1511,0.4289531408581541,0
1512,0.43466178929653465,0
1513,0.4389546620575328,0
1514,0.4682173543202086,0
1515,0.4461547987946519,0
1516,0.41283139343776715,0
1517,0.44515938808409744,0
1518,0.42860245383716006,0
1519,0.42273285126152155,1
1520,0.414106922166591,1
1521,0.43112190149907315,1
1522,0.4298257871471604,0
1523,0.4218983067821144,0
1524,0.40008283054881455,0
1525,0.39277314033662214,0
1526,0.43161071659731154,0
1527,0.43212144578376954,0
1528,0.47443621459611757,0
1529,0.42337000706217487,0
1530,0.44841667756356896,0
1531,0.45153359578596614,0
1532,0.42421655615188947,0
1533,0.4265930733754493,0
1534,0.4152862367287131,0
1535,0.4614757794440439,0
1536,0.39137763466978304,0
1537,0.42191558648951943,0
1538,0.4514235464685272,0
1539,0.41938606714172766,0
1540,0.40908784169792417,0
1541,0.4254602777429804,0
1542,0.4310854659972675,0
1543,0.4313757389813837,0
1544,0.42483097820373594,0
1545,0.4340812563009021,0
1546,0.4376070175233059,0
1547,0.394213695082528,0
1548,0.40887513539321585,0
1549,0.43433280595723955,0
1550,0.42585241743083246,0
1551,0.4200308570158132,1
1552,0.4285679108942341,1
1553,0.4338070917311587,1
1554,0.3958179287007623,0
1555,0.38769105882230953,0
1556,0.3887042655130563,0
1557,0.4502553825700676,0
1558,0.38974934234729786,0
1559,0.40609411730471306,0
1560,0.4065816665288144,0
1561,0.4309919028677457,0
1562,0.37375993926036366,0
1563,0.4080120279221787,0
1564,0.43308369681937536,0
1565,0.4305023365732912,0
1566,0.4155854901902737,0
1567,0.401424961942535,0
1568,0.4419129933132221,0
1569,0.37178085974037467,0
1570,0.4250534183834841,0
1571,0.41494639591074284,0
1572,0.4160933466084679,0
1573,0.4090011130328033,0
1574,0.40725986691755106,0
1575,0.42135015387462915,0
1576,0.37892025086661857,0
1577,0.3765625588224106,0
1578,0.40434224439883315,0
1579,0.4016213505784779,0
1580,0.40334403045854267,0
1581,0.43133867305194656,0
1582,0.38750101553660915,0
1583,0.41352840991075457,0
1584,0.4057050563492557,0
1585,0.4445932648843459,0
1586,0.3692138938520461,0
1587,0.38572497608139944,0
1588,0.38700636506978153,0
1589,0.4216724594874438,0
1590,0.37886116612821963,0
1591,0.42726870453706056,0
1592,0.4255535007626091,0
1593,0.41060526241941503,0
1594,0.40167404094352427,0
1595,0.3620388261353453,0
1596,0.39566496014714386,0
1597,0.3635906025613533,0
1598,0.38402233123321866,0
1599,0.3945918111971946,0
1600,0.3841120657535402,0
1601,0.40817434866469016,0
1602,0.3866507288243142,0
1603,0.3585840919002529,0
1604,0.36761954511251466,0
1605,0.3630162499647842,0
1606,0.3811027753545968,0
1607,0.4108728910063293,0
1608,0.3960349287616274,0
1609,0.3923365123178061,0
1610,0.360545354637198,0
1611,0.43041726160862004,0
1612,0.3838107233542175,0
1613,0.4302676984884462,0
1614,0.36677392774199885,0
1615,0.3720559243476433,0
1616,0.43216729580969293,1
1617,0.36145063838263186,1
1618,0.3894973605339748,1
1619,0.37459599766655116,0
1620,0.36509149576195893,0
1621,0.4211717353676171,0
1622,0.36057210845006765,0
1623,0.3961785312673897,0
1624,0.39960828586951597,0
1625,0.3590977516442625,0
1626,0.3419322350581638,0
1627,0.3437117056007034,0
1628,0.36177494491893003,0
1629,0.380568795753557,0
1630,0.38222201833843544,0
1631,0.3719076163959188,0
1632,0.37302237747538625,0
1633,0.3927788952023914,0
1634,0.38844753020047273,0
1635,0.3806983874652097,0
1636,0.36165492029150886,0
1637,0.3872014916443781,0
1638,0.3756291537277499,0
1639,0.3579001497023552,0
1640,0.360637995569701,0
1641,0.3936824273011065,0
1642,0.40462668423414105,0
1643,0.36019561784002446,0
1644,0.3311486746365572,0
1645,0.3799383998949064,0
1646,0.35199944359464386,0
1647,0.38168687407261404,0
1648,0.3608420768140781,0
1649,0.40825708870197863,1
1650,0.36892356605160825,1
1651,0.3829617834482232,1
1652,0.3437433098177484,0
1653,0.31400753151221156,0
1654,0.36756384330925085,0
1655,0.36942889365310905,0
1656,0.3773297248775953,0
1657,0.353700313033294,0
1658,0.3398664870221501,0
1659,0.33385659428348813,0
1660,0.37248512941662093,0
1661,0.374881634752285,0
1662,0.34575600304320264,0
1663,0.3516196595992743,0
1664,0.34758748943090373,0
1665,0.3261471308292686,0
1666,0.36343869094297243,0
1667,0.37462864450551425,0
1668,0.3549850512925126,0
1669,0.33306191859423767,0
1670,0.3545839724534839,0
1671,0.3821101904042846,0
1672,0.39532810696042786,0
1673,0.3616541900095006,0
1674,0.34236683397289674,0
1675,0.3206582138751397,0
1676,0.3280921952190658,0
1677,0.3535750540510454,0
1678,0.35873485753138057,0
1679,0.35885487394439436,0
1680,0.3492337556954261,0
1681,0.3261924520671252,0
1682,0.32521828099368666,0
1683,0.3552247427994261,0
1684,0.33768778659703896,0
1685,0.37474258638132074,0
1686,0.3257429586635393,0
1687,0.3805629984247347,0
1688,0.3388607546579984,0
1689,0.3540350303099455,0
1690,0.3536159521483795,0
1691,0.3432924590574538,0
1692,0.3137640371679534,0
1693,0.3400710859074487,0
1694,0.3745609626793011,0
1695,0.3253911590837113,0
1696,0.3152620686423312,0
1697,0.3430407023408173,0
1698,0.33928507844676864,0
1699,0.32365325678085394,0
1700,0.3326090522059202,0
1701,0.33690441115558395,0
1702,0.33768472438597985,0
1703,0.3472011075562555,0
1704,0.35614869587159836,0
1705,0.35024090729314344,0
1706,0.3490528976489825,0
1707,0.3715834932239574,0
1708,0.36113672162425975,0
1709,0.2921781034593131,0
1710,0.33538338676942614,0
1711,0.31429208148437926,0
1712,0.329046270865437,0
1713,0.35351457120989815,0
1714,0.3365742824150524,0
1715,0.33232422966720726,0
1716,0.36153880580846637,0
1717,0.31333341789508096,0
1718,0.33682653764094206,0
1719,0.3472951402589778,0
1720,0.3380352744218662,0
1721,0.31762092246218165,0
1722,0.33646440002922623,0
1723,0.35003835868686145,0
1724,0.34206679224083625,0
1725,0.3410065977797287,0
1726,0.3404400766855096,0
1727,0.33716174788295983,0
1728,0.3137499485291122,0
1729,0.3289601692939663,0
1730,0.3409275066156746,0
1731,0.28144135785048113,0
1732,0.3455741016906436,0
1733,0.33819545819689717,0
1734,0.3141927976992725,0
1735,0.31943583394037983,0
1736,0.3280584996013867,0
1737,0.3378987222455482,0
1738,0.32449054375011666,0
1739,0.34956736537130906,0
1740,0.33673012388100476,0
1741,0.316576427356933,0
1742,0.3214039352392923,0
1743,0.3325224429941918,0
1744,0.3403645952266784,0
1745,0.3391816784873381,0
1746,0.3260541867394383,0
1747,0.3297245732216715,0
1748,0.32649382851805847,0
1749,0.3399508559226881,0
1750,0.31007418920759944,0
1751,0.33560540551157736,0
1752,0.2952740609762737,0
1753,0.33237325856860744,0
1754,0.32883195454031633,0
1755,0.32429694104575313,0
1756,0.28939272861669746,0
1757,0.348912432651418,0
1758,0.3377159671168758,0
1759,0.32324135351700406,0
1760,0.3298598689108156,0
1761,0.3069694600865865,0
1762,0.3299735817686991,0
1763,0.3464362705598669,0
1764,0.3020955855562356,0
1765,0.3638110432984304,0
1766,0.3132809140954644,0
1767,0.3331506807955596,0
1768,0.3063547033751959,0
1769,0.32542381871115283,0
1770,0.2985240374521619,0
1771,0.3079793716528612,0
1772,0.3144781346064995,0
1773,0.307335736245119,0
1774,0.31356588030957805,0
1775,0.33251081841574115,0
1776,0.29646170997257815,0
1777,0.2974147027997551,0
1778,0.3167151091461155,0
1779,0.3067133305268876,0
1780,0.29944017193014044,0
1781,0.31698757102667297,0
1782,0.3056792864928473,0
1783,0.31948379272371114,0
1784,0.3132270936375388,0
1785,0.31034563178260294,0
1786,0.31208043984572437,0
1787,0.32880213752177695,0
1788,0.3329786696776935,0
1789,0.3096094958133182,0
1790,0.29569699153944856,0
1791,0.2878727566132369,0
1792,0.2763181388397844,0
1793,0.2924408633401385,0
1794,0.29713736389768297,0
1795,0.3092039543938872,0
1796,0.28055572080704627,0
1797,0.3314412380294398,0
1798,0.3254163459004928,0
1799,0.3278575672600552,0
1800,0.30039313998928585,0
1801,0.31171434349489185,0
1802,0.29304452647619933,0
1803,0.33108566276716694,0
1804,0.2883184588433139,0
1805,0.29872086703511974,0
1806,0.328051794443486,0
1807,0.3440004251132523,0
1808,0.30417706811863243,0
1809,0.2989189245493673,0
1810,0.26668225838446513,0
1811,0.3306149464771981,0
1812,0.30891958789377993,0
1813,0.2752701817466762,0
1814,0.31678705755491643,0
1815,0.31253458735068057,0
1816,0.29752636426843515,0
1817,0.2941215462882421,0
1818,0.3132611470704054,0
1819,0.30542726322024033,0
1820,0.30890501115694324,0
1821,0.3197065553921677,0
1822,0.31885482829735745,0
1823,0.31200274822349944,0
1824,0.3090303577269496,0
1825,0.2807478336559519,0
1826,0.2828781084465906,0
1827,0.31150679914082763,0
1828,0.3086056098566164,0
1829,0.30634210846748533,0
1830,0.3108123489747274,0
1831,0.28970051839939837,0
1832,0.3060357564226631,0
1833,0.28260446663942757,0
1834,0.2979067353705563,0
1835,0.3104415851145755,0
1836,0.28630523678903746,0
1837,0.3249159612730249,0
1838,0.312456729383832,0
1839,0.3156324898750585,0
1840,0.29193276684286296,0
1841,0.27425947582275034,0
1842,0.28412429675946715,0
1843,0.302200532118664,0
1844,0.2896717410509643,0
1845,0.3040359755384354,0
1846,0.295339182686368,0
1847,0.2841823594068979,0
1848,0.30616311521289913,0
1849,0.31193198977264863,0
1850,0.28118389416824635,0
1851,0.2990157686923723,0
1852,0.2935190666606757,0
1853,0.29501040433308046,0
1854,0.28909834329070316,1
1855,0.2721154621012564,1
1856,0.31042250817038064,1
1857,0.2745583369289523,0
1858,0.2767655145221804,0
1859,0.298535532900098,0
1860,0.2913370548072486,0
1861,0.27695009001985393,0
1862,0.2786479397436028,0
1863,0.2855277788370302,0
1864,0.2812342188908281,0
1865,0.29647885160022047,0
1866,0.2701873414659672,0
1867,0.29178627588894934,0
1868,0.30818125499914417,0
1869,0.2888467241351475,0
1870,0.27297438657449463,0
1871,0.27504065647807036,0
1872,0.2856745643628265,0
1873,0.27586090614793485,0
1874,0.30200323231293424,0
1875,0.2579948306537453,0
1876,0.307098644671026,0
1877,0.25482848580331574,0
1878,0.2826539306420099,0
1879,0.2676130007281169,0
1880,0.2942232312036502,0
1881,0.27140568690100153,0
1882,0.26605452638672167,0
1883,0.2769434952546387,0
1884,0.2756508706349332,0
1885,0.2539357630387353,0
1886,0.28722048725675614,0
1887,0.24697934025580004,0
1888,0.29672691039058696,0
1889,0.275327330213273,0
1890,0.29297684653536155,0
1891,0.27096735636191915,0
1892,0.2679945065939284,0
1893,0.2878504249711909,0
1894,0.2703386949746532,0
1895,0.25665282894867997,0
1896,0.2766752809811719,0
1897,0.25847920436299493,0
1898,0.2771211695886318,0
1899,0.2961071953086009,0
1900,0.29003628555412736,0
1901,0.2764516477085768,0
1902,0.2738475724793581,0
1903,0.27147643897181406,0
1904,0.2667721303136265,0
1905,0.28015404332624166,0
1906,0.27280767134700085,0
1907,0.2694478073130135,0
1908,0.2781076396092124,0
1909,0.2464518964464478,0
1910,0.30061548675156474,0
1911,0.2821605375337167,0
1912,0.25421349725469894,0
1913,0.2745409793435254,0
1914,0.2572914785861338,0
1915,0.26505631703086446,0
1916,0.25993833523387594,0
1917,0.28667359707932155,0
1918,0.24547137892432266,0
1919,0.26646059294863944,0
1920,0.24864144423385762,0
1921,0.27042631378573695,0
1922,0.2661258772397399,0
1923,0.25113999445719803,0
1924,0.28928634730677805,0
1925,0.29065349010692976,0
1926,0.26170341353299426,0
1927,0.276041328490408,0
1928,0.26674246966557036,0
1929,0.2717313311489473,0
1930,0.2887303713499393,0
1931,0.26430949629819184,0
1932,0.2916128949338236,0
1933,0.2635017247899603,0
1934,0.2658286570072125,0
1935,0.2920058269258606,0
1936,0.27019435924606844,0
1937,0.23920134018202838,0
1938,0.268966804649924,0
1939,0.24867343461292896,0
1940,0.24336416170561842,0
1941,0.25265868179860734,0
1942,0.26920185106716704,0
1943,0.24988029469682904,0
1944,0.24581837935471146,0
1945,0.25905299282897776,0
1946,0.26913266598591695,0
1947,0.25434950546808716,0
1948,0.246058530689383,0
1949,0.23441561322797905,0
1950,0.25251934192007525,0
1951,0.27352553026813314,0
1952,0.27531383599001613,0
1953,0.27225222402277527,0
1954,0.2593482350035195,0
1955,0.2630644028509664,0
1956,0.2776572058786083,0
1957,0.24951095806631485,0
1958,0.2653174609363244,0
1959,0.2359577207929857,0
1960,0.2689141167362774,0
1961,0.2539192278320885,0
1962,0.24451809007879186,0
1963,0.26926678621846856,0
1964,0.2445954981623064,0
1965,0.2475025370500435,0
1966,0.2783189844110472,0
1967,0.24469219549956786,0
1968,0.24947368535905112,0
1969,0.24886940536971855,0
1970,0.26751160410846,0
1971,0.23354457720820798,0
1972,0.27294984679113055,0
1973,0.2535064005317565,0
1974,0.25230743336255185,0
1975,0.24462731143013797,0
1976,0.2539900391212721,0
1977,0.2743831479246274,0
1978,0.25805128159017854,0
1979,0.24318258096281214,0
1980,0.25039292813976927,0
1981,0.26136404566654303,0
1982,0.25538973702323825,0
1983,0.25078004845792895,0
1984,0.2614644203458583,0
1985,0.25811453950451335,0
1986,0.23963366291097993,0
1987,0.2288009198008942,0
1988,0.25909834662830916,0
1989,0.2759708608536142,0
1990,0.24191317742667082,0
1991,0.2502352316235823,0
1992,0.26880435491235416,0
1993,0.2733832637008135,0
1994,0.25207424435369835,0
1995,0.2666872481694973,0
1996,0.2601628277508157,0
1997,0.24353913810746788,0
1998,0.22498978831686317,0
1999,0.23863215548003752,0
2000,0.2543609421102263,0
